Workbook
Name All: [1]All!$B$35:$P$54
Name All: All!$B$35:$P$54
Name Ambulanta__Sve_na_jednom_mjestu__za_djecu_i_osobe_s_poteškoćama_u_razvoju: [1]Sheet2!$E$2:INDEX([1]Sheet2!$E:$E,COUNTA([1]Sheet2!$E:$E))
Name Ambulanta__Sve_na_jednom_mjestu__za_djecu_i_osobe_s_poteškoćama_u_razvoju: Sheet2!$E$2:INDEX(Sheet2!$E:$E,COUNTA(Sheet2!$E:$E))
Name dob: Sheet2!$D$2:$D$8
Name N: OFFSET([1]Sheet2!$E$2, 0, 0, COUNTA([1]Sheet2!$E:$E), 1)
Name N: OFFSET(Sheet2!$E$2, 0, 0, COUNTA(Sheet2!$E:$E), 1)
Name Novorodjence: Sheet2!$E$2:$E$32
Name Postupci: 'Administrativni postupci'!$B$2:$B$45
Name Slicer_Ministartvo_Organizacija: #N/A
Name Slicer_Tip_usluge_prava_benefita: #N/A
Name Slicer_Životna_dob: #N/A
Name Zivotna_dob: Sheet2!$D$1:$D$6

Sheet Filter
A1: {=_xlfn._xlws.FILTER('Administrativni postupci'!$B$2:$B$95,ISNUMBER(SEARCH("Novorođenče",'Administrativni postupci'!$D$2:$D$95)), "0")} -> 0 | B1: {=_xlfn._xlws.FILTER('Diskrecione usluge'!$A$2:$A$94,ISNUMBER(SEARCH("Novorođenče",'Diskrecione usluge'!$D$2:$D$94)), "0")} -> 0 | C1: {=_xlfn._xlws.FILTER('Neinstitucionalizirana prava'!$A$2:$A$97,ISNUMBER(SEARCH("Novorođenče",'Neinstitucionalizirana prava'!$C$2:$C$97)), "0")} -> 0 | D1: {=_xlfn._xlws.FILTER('Administrativni postupci'!$B$2:$B$95,ISNUMBER(SEARCH("Predškolska dob",'Administrativni postupci'!$D$2:$D$95)),"0")} -> Jednokratna novčana pomoć licima i domaćinstvima sa područja općine Novo Sarajevo | E1: {=_xlfn._xlws.FILTER('Diskrecione usluge'!$A$2:$A$94,ISNUMBER(SEARCH("Predškolska dob",'Diskrecione usluge'!$D$2:$D$94)),"0")} -> Ambulanta "Sve na jednom mjestu" za djecu i osobe s poteškoćama u razvoju | F1: {=_xlfn._xlws.FILTER('Neinstitucionalizirana prava'!$A$2:$A$97,ISNUMBER(SEARCH("Predškolska dob",'Neinstitucionalizirana prava'!$C$2:$C$97)),"0")} -> Pravo na penziju korsnika ili roditelja/staratelja | G1: {=_xlfn._xlws.FILTER('Administrativni postupci'!$B$2:$B$95,ISNUMBER(SEARCH("Školska dob",'Administrativni postupci'!$D$2:$D$95)),"0")} -> Jednokratna novčana pomoć licima i domaćinstvima sa područja općine Novo Sarajevo | H1: {=_xlfn._xlws.FILTER('Diskrecione usluge'!$A$2:$A$94,ISNUMBER(SEARCH("Školska dob",'Diskrecione usluge'!$D$2:$D$94)),"0")} -> Ambulanta "Sve na jednom mjestu" za djecu i osobe s poteškoćama u razvoju | I1: {=_xlfn._xlws.FILTER('Neinstitucionalizirana prava'!$A$2:$A$97,ISNUMBER(SEARCH("Školska dob",'Neinstitucionalizirana prava'!$C$2:$C$97)),"0")} -> Pravo na dnevni boravak u posebnim ustanovama ili smještaj u domovima tokom obrazovanja. Potpuno pokriće troškova dnevnog boravka od strane Centra | J1: {=_xlfn._xlws.FILTER('Administrativni postupci'!$B$2:$B$95,ISNUMBER(SEARCH("Radni vijek",'Administrativni postupci'!$D$2:$D$95)),"0")} -> Izdavanje međunarodnog znaka pristupačnosti | K1: {=_xlfn._xlws.FILTER('Diskrecione usluge'!$A$2:$A$94,ISNUMBER(SEARCH("Radni vijek",'Diskrecione usluge'!$D$2:$D$94)),"0")} -> Ambulanta "Sve na jednom mjestu" za djecu i osobe s poteškoćama u razvoju | L1: {=_xlfn._xlws.FILTER('Neinstitucionalizirana prava'!$A$2:$A$97,ISNUMBER(SEARCH("Radni vijek",'Neinstitucionalizirana prava'!$C$2:$C$97)),"0")} -> Pravo na kućnu njegu | M1: {=_xlfn._xlws.FILTER('Administrativni postupci'!$B$2:$B$95,ISNUMBER(SEARCH("Treća životna dob",'Administrativni postupci'!$D$2:$D$95)),"0")} -> Usluga dnevnog ili poludnevnog boravka u Centar za dnevni boravak – Gerontološki centar | N1: {=_xlfn._xlws.FILTER('Diskrecione usluge'!$A$2:$A$94,ISNUMBER(SEARCH("Treća životna dob",'Diskrecione usluge'!$D$2:$D$94)),"0")} -> Ambulanta "Sve na jednom mjestu" za djecu i osobe s poteškoćama u razvoju | O1: {=_xlfn._xlws.FILTER('Neinstitucionalizirana prava'!$A$2:$A$97,ISNUMBER(SEARCH("Treća životna dob",'Neinstitucionalizirana prava'!$C$2:$C$97)),"0")} -> Pravo na kućnu njegu
D2: Posebni programi za osobe oboljele od teških i rijetkih bolesti (npr. enteralna prehrana za djecu i odrasle, bezglutensko brašno za osobe oboljele od celijakije) | E2: Usluge centara za prevenciju i rehabilitaciju, defektologa, logopeda | F2: Pravo roditelja/staratelja njegovatelja na osiguranje | G2: Posebni programi za osobe oboljele od teških i rijetkih bolesti (npr. enteralna prehrana za djecu i odrasle, bezglutensko brašno za osobe oboljele od celijakije) | H2: Asistent u nastavi | I2: Pravo na penziju korsnika ili roditelja/staratelja | J2: Jednokratna novčana pomoć licima i domaćinstvima sa područja općine Novo Sarajevo | K2: Jednokratna novčana pomoć za invalidna lica | L2: Pravo na penziju korsnika ili roditelja/staratelja | M2: Izdavanje međunarodnog znaka pristupačnosti | N2: Jednokratna novčana pomoć za invalidna lica
D3: Medicinska rehabilitacija/banjsko liječenje kao produženo bolničko liječenje | E3: Jednokratna novčana pomoć za invalidna lica | F3: Pravo roditelja/staratelja njegovatelja na pokrivanje troškova sahrane/dženaze | G3: Medicinska rehabilitacija/banjsko liječenje kao produženo bolničko liječenje | H3: Usluge centara za prevenciju i rehabilitaciju, defektologa, logopeda | I3: Pravo na produženo obrazovanje | J3: Posebni programi za osobe oboljele od teških i rijetkih bolesti (npr. enteralna prehrana za djecu i odrasle, bezglutensko brašno za osobe oboljele od celijakije) | K3: Jednokratna novčana pomoć za teško bolesne osobe | L3: Pravo na skraćeno radno vrijeme, zaštita od prekovremenog rada i rada noću, kao i zaštita od promjene mjesta rada | M3: Jednokratna novčana pomoć licima i domaćinstvima sa područja općine Novo Sarajevo | N3: Jednokratna novčana pomoć za stanovnike starije od 80 godina
D4: Medicinska sredstva - ortopedska pomagala (npr. invalidska kolica, pelene, GPS narukvice za djecu, perike od prirodne kose za djecu, senzori, inzulinske pumpice) | E4: Jednokratna novčana pomoć za teško bolesne osobe | G4: Medicinska sredstva - ortopedska pomagala (npr. invalidska kolica, pelene, GPS narukvice za djecu, perike od prirodne kose za djecu, senzori, inzulinske pumpice) | H4: Jednokratna novčana pomoć za invalidna lica | I4: Pravo na srednje obrazovanje u redovnim ili specijalnim školama | J4: Medicinska rehabilitacija/banjsko liječenje kao produženo bolničko liječenje | K4: Oslobađanje od plaćanja RTV takse za osobe koje su izgubile sluh i vid | L4: Pravo na zapošljavanje: povlaštena prava pri zapošljavanju u javnom sektoru | M4: Usluga kućne njege i pomoći u kući od strane osoblja Gerontološkog centra | N4: Jednokratna novčana pomoć za teško bolesne osobe
D5: Novčana pomoć i upućivanje na dijagnostiku i liječenje djece | E5: Oslobađanje od plaćanja RTV takse za osobe koje su izgubile sluh i vid | G5: Novčana pomoć i upućivanje na dijagnostiku i liječenje djece | H5: Jednokratna novčana pomoć za teško bolesne osobe | I5: Pravo roditelja/staratelja njegovatelja na osiguranje | J5: Medicinska sredstva - ortopedska pomagala (npr. invalidska kolica, pelene, GPS narukvice za djecu, perike od prirodne kose za djecu, senzori, inzulinske pumpice) | K5: Oslobađanje plaćanja uvoznih dadžbina, carine i PDV-a prilikom uvoza automobila | L5: Pravo roditelja/staratelja njegovatelja na osiguranje | M5: Kupovina lijekova penzionerima i licima preko 60 godina starosti bez primanja | N5: Oslobađanje od plaćanja RTV takse za osobe koje su izgubile sluh i vid
D6: Novčana pomoć za nabavku GPS narukvica | E6: Oslobađanje plaćanja uvoznih dadžbina, carine i PDV-a prilikom uvoza automobila | G6: Novčana pomoć za nabavku GPS narukvica | H6: Oslobađanje od plaćanja RTV takse za osobe koje su izgubile sluh i vid | I6: Pravo roditelja/staratelja njegovatelja na pokrivanje troškova sahrane/dženaze | J6: Medicinsko - sanitetski materijal za RVI sa područja Kantona Sarajevo | K6: Osnovni paket fiksne telefonije - socijalni | L6: Pravo roditelja/staratelja njegovatelja na pokrivanje troškova sahrane/dženaze | M6: Posebni programi za osobe oboljele od teških i rijetkih bolesti (npr. enteralna prehrana za djecu i odrasle, bezglutensko brašno za osobe oboljele od celijakije) | N6: Oslobađanje plaćanja uvoznih dadžbina, carine i PDV-a prilikom uvoza automobila
D7: Ocjenjivanje sposobnosti, razvrstavanje djece i omladine ometene u psiho-fizičkom razvoju | E7: Osnovni paket fiksne telefonije - socijalni | G7: Ocjenjivanje sposobnosti, razvrstavanje djece i omladine ometene u psiho-fizičkom razvoju | H7: Oslobađanje plaćanja uvoznih dadžbina, carine i PDV-a prilikom uvoza automobila | J7: Pravo na ličnu invalidninu, dodatak za njegu i pomoć drugog lica i ortopedski dodatak | K7: Umanjenje poreza na dohodak za zaposlene | M7: Medicinska rehabilitacija/banjsko liječenje kao produženo bolničko liječenje | N7: Osnovni paket fiksne telefonije - socijalni
D8: Pravo na ličnu invalidninu, dodatak za njegu i pomoć drugog lica i ortopedski dodatak | E8: Umanjenje poreza na dohodak za zaposlene | G8: Osposobljavanje za samostalan život i rad kroz srednje obrazovanje | H8: Osnovni paket fiksne telefonije - socijalni | J8: Pravo na novčanu naknadu za vrijeme čekanja na zaposlenje | K8: Posebna ishrana - enteralna prehrana za djecu i odrasle; bezglutensko brašno za oboljele od celijaklije | M8: Medicinska sredstva - ortopedska pomagala (npr. invalidska kolica, pelene, GPS narukvice za djecu, perike od prirodne kose za djecu, senzori, inzulinske pumpice) | N8: Posebna ishrana - enteralna prehrana za djecu i odrasle; bezglutensko brašno za oboljele od celijaklije
D9: Pravo na stalnu novčanu pomoć | E9: Posebna ishrana - enteralna prehrana za djecu i odrasle; bezglutensko brašno za oboljele od celijaklije | G9: Pravo na ličnu invalidninu, dodatak za njegu i pomoć drugog lica i ortopedski dodatak | H9: Umanjenje poreza na dohodak za zaposlene | J9: Pravo na poslovnu rehabilitaciju | K9: Povlastice u željezničkom saobraćaju | M9: Medicinsko - sanitetski materijal za RVI sa područja Kantona Sarajevo | N9: Povlastice u željezničkom saobraćaju
D10: Pravo na zdravstvenu zaštitu | E10: Povlastice u željezničkom saobraćaju | G10: Pravo na stalnu novčanu pomoć | H10: Posebna ishrana - enteralna prehrana za djecu i odrasle; bezglutensko brašno za oboljele od celijaklije | J10: Pravo na stalnu novčanu pomoć | K10: Prednost u primanju usluga u zdravstvenom i drugim institucijama | M10: Pravo na ličnu invalidninu, dodatak za njegu i pomoć drugog lica i ortopedski dodatak | N10: Prednost u primanju usluga u zdravstvenom i drugim institucijama
D11: Priznavanje statusa roditelja njegovatelja | E11: Pružanje oralno-hirurških i stomatoloških usluga za djecu sa poteškoćama u razvoju | G11: Pravo na zdravstvenu zaštitu | H11: Povlastice u željezničkom saobraćaju | J11: Pravo na zdravstvenu zaštitu | K11: Usluge savjetodavno-terapeutskog rada (individualno, psihološko, grupno, porodično savjetovanje i tretman) | M11: Pravo na novčanu naknadu za pomoć i njegu od strane druge osobe (lica iznad 65 godina života) | N11: Usluge savjetodavno-terapeutskog rada (individualno, psihološko, grupno, porodično savjetovanje i tretman)
D12: Refundacija troškova lijekova i liječenja | E12: Subvencija za djecu istih roditelja - oslobađanje plaćanja vrtića za braću i sestre djeteta sa poteškoćama u razvoju | G12: Priznavanje statusa roditelja njegovatelja | H12: Pravo na druge primjerene oblike pomoći djeci u predškolskim ustanovama, redovnim osnovnim i srednjim školama i ustanovama osnovnoškolskog i srednjoškolskog odgoja obrazovanja i rehabilitacije za učenike sa teškoćama (ustanove): a. Program edukacijsko rehabilitacijskih tretmana b. Program produženog stručnog postupka c. Rehabilitacijski programi | J12: Priznavanje statusa roditelja njegovatelja | K12: Usluge psihosocijalne podrške grupama korisnika sa istim ili sličnim problemima ( grupno savjetovanje i tretman) | M12: Pravo na stalnu novčanu pomoć | N12: Usluge psihosocijalne podrške grupama korisnika sa istim ili sličnim problemima ( grupno savjetovanje i tretman)
D13: Smještaj u hospis | E13: Uvećani dječiji doplatak | G13: Refundacija troškova lijekova i liječenja | H13: Pravo na individualni prilagođeni program (IPP) – IPP1 IPP2 IPP3 | J13: Refundacija troškova lijekova i liječenja | K13: Pravo na dodjelu jednokratne novčane pomoći putem sufinansiranja troškova nabavke ortopedskih pomagala i prilagođavanja stambenih objekata i motornih vozila individualnim licima | M13: Pravo na zdravstvenu zaštitu | N13: Pravo na dodjelu jednokratne novčane pomoći putem sufinansiranja troškova nabavke ortopedskih pomagala i prilagođavanja stambenih objekata i motornih vozila individualnim licima
D14: Smještaj u ustanovu, njega, rehabilitacija i socijalna zaštita – Dom za djecu bez roditeljskog staranja | E14: Prednost u primanju usluga u zdravstvenom i drugim institucijama | G14: Smještaj u hospis | H14: Pružanje oralno-hirurških i stomatoloških usluga za djecu sa poteškoćama u razvoju | J14: Smještaj u hospis | M14: Refundacija troškova lijekova i liječenja
D15: Sufinansiranje troškova prijevoza djece sa poteškoćama u kretanju | E15: Pravo na dodjelu jednokratne novčane pomoći putem sufinansiranja troškova nabavke ortopedskih pomagala i prilagođavanja stambenih objekata i motornih vozila individualnim licima | G15: Smještaj u ustanovu, njega, rehabilitacija i socijalna zaštita – Dom za djecu bez roditeljskog staranja | H15: Subvencija za djecu istih roditelja - oslobađanje plaćanja vrtića za braću i sestre djeteta sa poteškoćama u razvoju | J15: Pravo na invalidsku penziju/mirovinu | M15: Smještaj u Gerontološki centar – Privatni ugovori potpisani sa fizičkim licima
G16: Sufinansiranje troškova prijevoza djece sa poteškoćama u kretanju | H16: Uvećani dječiji doplatak | J16: Pravo na invalidsku penziju/mirovinu za policijske službenike | M16: Smještaj u hospis
H17: Prednost u primanju usluga u zdravstvenom i drugim institucijama | J17: Naknada za fizičku onesposobljenost kao rezultat rada | M17: Smještaj u ustanovu, njega, rehabilitacija i socijalna zaštita – Gerontološki centar
H18: Pravo na dodjelu jednokratne novčane pomoći putem sufinansiranja troškova nabavke ortopedskih pomagala i prilagođavanja stambenih objekata i motornih vozila individualnim licima | M18: Stalna novčana pomoć za kupovinu hljeba i mlijeka lica starija od 60 godina bez primanja
M19: Stalna novčana pomoć za kupovinu hljeba i mlijeka penzioneri sa minimalnom penzijom
M20: Zdravstvena zaštita starijih od 65 godina
M21: Pravo na invalidsku penziju/mirovinu
M22: Pravo na invalidsku penziju/mirovinu za policijske službenike
M23: Naknada za fizičku onesposobljenost kao rezultat rada

Sheet Pivot
A3: Životna dob | B3: Naziv
A4: Novorođenče | B4: Ambulanta "Sve na jednom mjestu" za djecu i osobe s poteškoćama u razvoju
B5: Dodatak za njegu i pomoć od strane drugog lica, Civilne žrtve rata
B6: Jednokratna novčana pomoć licima i domaćinstvima sa područja općine Novo Sarajevo
B7: Jednokratna novčana pomoć za invalidna lica
B8: Jednokratna novčana pomoć za teško bolesne osobe i umjetnu oplodnju
B9: Kupovina lijekova po posebnim protokolima
B10: Medicinska rehabilitacija/banjsko liječenje kao produženo bolničko liječenje
B11: Medicinska sredstva - ortopedska pomagala
B12: Ocjenjivanje sposobnosti, razvrstavanje djece i omladine ometene u psiho-fizičkom razvoju
B13: Osnovna dijagnostika
B14: Osnovni paket fiksne telefonije - socijalni
B15: Porez na dohodak, umanjenje poreza na zaposlene osobe sa invaliditetom
B16: Posebna ishrana
... B32: Uvećani dječiji doplatak
A33: Novorođenče Total
A34: Predškolska dob | B34: Ambulanta "Sve na jednom mjestu" za djecu i osobe s poteškoćama u razvoju
B35: Dodatak za njegu i pomoć od strane drugog lica, Civilne žrtve rata
B36: Jednokratna novčana pomoć licima i domaćinstvima sa područja općine Novo Sarajevo
B37: Jednokratna novčana pomoć za invalidna lica
B38: Jednokratna novčana pomoć za teško bolesne osobe i umjetnu oplodnju
B39: Kupovina lijekova po posebnim protokolima
B40: Medicinska rehabilitacija/banjsko liječenje kao produženo bolničko liječenje
B41: Medicinska sredstva - ortopedska pomagala
B42: Novčana pomoć i upućivanje na dijagnostiku i liječenje djece
B43: Novčana pomoć za nabavku GPS narukvica
B44: Ocjenjivanje sposobnosti, razvrstavanje djece i omladine ometene u psiho-fizičkom razvoju
B45: Osnovna dijagnostika
B46: Osnovni paket fiksne telefonije - socijalni
... B66: Uvećani dječiji doplatak
A67: Predškolska dob Total
A68: Radni vijek | B68: Ambulanta "Sve na jednom mjestu" za djecu i osobe s poteškoćama u razvoju
B69: Izdavanje međunarodnog znaka pristupačnosti
B70: Jednokratna novčana pomoć licima i domaćinstvima sa područja općine Novo Sarajevo
B71: Jednokratna novčana pomoć za invalidna lica
B72: Jednokratna novčana pomoć za teško bolesne osobe i umjetnu oplodnju
B73: Kupovina lijekova po posebnim protokolima
B74: Medicinska rehabilitacija/banjsko liječenje kao produženo bolničko liječenje
B75: Medicinska sredstva - ortopedska pomagala
B76: Medicinsko - sanitetski materijal za RVI sa područja Kantona Sarajevo
B77: Oslobađanje od plaćanja RTV takse za osobe koje su izgubile sluh i vid
B78: Oslobađanje plaćanja uvoznih dadžbina, carine i PDV-a prilikom uvoza automobila
B79: Osnovna dijagnostika
B80: Osnovni paket fiksne telefonije - socijalni
... B98: Smještaj u hospis
A99: Radni vijek Total
A100: Školska dob | B100: Ambulanta "Sve na jednom mjestu" za djecu i osobe s poteškoćama u razvoju
B101: Asistent u nastavi
B102: Dodatak za njegu i pomoć od strane drugog lica, Civilne žrtve rata
B103: Jednokratna novčana pomoć licima i domaćinstvima sa područja općine Novo Sarajevo
B104: Jednokratna novčana pomoć za invalidna lica
B105: Jednokratna novčana pomoć za teško bolesne osobe i umjetnu oplodnju
B106: Kupovina lijekova po posebnim protokolima
B107: Medicinska rehabilitacija/banjsko liječenje kao produženo bolničko liječenje
B108: Medicinska sredstva - ortopedska pomagala
B109: Novčana pomoć i upućivanje na dijagnostiku i liječenje djece
B110: Novčana pomoć za nabavku GPS narukvica
B111: Ocjenjivanje sposobnosti, razvrstavanje djece i omladine ometene u psiho-fizičkom razvoju
B112: Oslobađanje plaćanja uvoznih dadžbina, carine i PDV-a prilikom uvoza automobila
... B140: Uvećani dječiji doplatak
A141: Školska dob Total
A142: Treća životna dob | B142: Ambulanta "Sve na jednom mjestu" za djecu i osobe s poteškoćama u razvoju
B143: Izdavanje međunarodnog znaka pristupačnosti
B144: Jednokratna novčana pomoć licima i domaćinstvima sa područja općine Novo Sarajevo
B145: Jednokratna novčana pomoć za invalidna lica
B146: Jednokratna novčana pomoć za stanovnike starije od 80 godina
B147: Jednokratna novčana pomoć za teško bolesne osobe i umjetnu oplodnju
B148: Kupovina lijekova penzionerima i licima preko 60 godina starosti bez primanja
B149: Kupovina lijekova po posebnim protokolima
B150: Medicinska rehabilitacija/banjsko liječenje kao produženo bolničko liječenje
B151: Medicinska sredstva - ortopedska pomagala
B152: Medicinsko - sanitetski materijal za RVI sa područja Kantona Sarajevo
B153: Oslobađanje od plaćanja RTV takse za osobe koje su izgubile sluh i vid
B154: Oslobađanje plaćanja uvoznih dadžbina, carine i PDV-a prilikom uvoza automobila
... B178: Zdravstvena zaštita starijih od 65 godina
A179: Treća životna dob Total
A180: Grand Total

Sheet All (2)
A1: # | B1: Naziv | C1: Opis | D1: Životna dob | E1: Tip usluge/prava/benefita | F1: Ministartvo/Organizacija | G1: Adresa | H1: Web stranica | I1: Telefon | J1: Email | K1: Pravni osnov | L1: Proces aplikacije | M1: Lista neophodnih dokumenata | N1: Link za informacije o prijavi | O1: Dodatne napomene | P1: Pravo
A2: 22 | B2: Refundacija troškova lijekova i liječenja | C2: Pravo na refundiranje troškova lijekova, medicinskih sredstava i liječenja koji nisu obuhvaćeni obaveznim zdravstvenim osiguranjem (odobravanje sredstava do 20.000KM) | D2: Novorođenče | E2: Zdravstvena zaštita | F2: Zavod zdravstvenog osiguranja Kantona Sarajevo | G2: Ložionička 2, 71000 Sarajevo, Bosna i Hercegovina | H2: https://www.kzzosa.ba/ | I2: 38733725207 | J2: info@kzzosa.ba | K2: Pravilnik o načinu ostvarivanja prava iz obaveznog zdravstvenog osiguranja ("Sl.novine FBiH" br 31/02 i 20/19) i odluke ZZOKS | L2: Zahtjev za refundaciju troškova lijeka, medicinskog sredstva ili liječenja koji nisu obuhvaćenim obaveznim zdravstvenim osiguranjem, a preporučeni su pacijentu, podnosi se ZZO KS (odlučuje posebna komisija). Uz zahtjev se dostavlja medicinska dokumentacija kojom je preporučeno lijek, liječenje ili medicinsko sredstvo, potvrda o prebivalištu i originalni račun o plaćenom lijeku, liječenju ili medicinskom sredstvu. | P2: Administrativni postupci
A3: 46 | B3: Pravo na pelene | D3: Novorođenče | E3: Zdravstvena zaštita | F3: Zavod zdravstvenog osiguranja KS | P3: Diskrecione usluge
A4: 2 | B4: Dodatak za njegu i pomoć od strane drugog lica, Civilne žrtve rata | C4: Pravo na dodatak za pomoć i njegu od strane druge osobe invalidima od I do IV grupe koji su nesposobni za vršenje osnovnih životnih potreba bez pomoći drugog lica. | D4: Novorođenče | E4: Zaštita civilnih žrtava rata | F4: Općina, nadležna općinska služba Ministarstvo za rad, socijalnu politiku, raseljena lica i izbjeglice Kantona Sarajevo | G4: Primjer Općine Centar | H4: https://eregistar.centar.ba/registar/12-21-pravo-na-dodatak-za-njegu-i-pomoc-od-strane-drugog-lica-czr/ | I4: 0038733562450 | J4: zlatan.kulovic@centar.ba | K4: Zakon o osnovama socijalne zaštite, zaštite civilnih žrtava rata i zaštite porodice sa djecom („Službene novine Federacije Bosne i Hercegovine“, br. 36/99, 54/04, 39/06, 14/09, 45/16 i 40/18); član 60. Instrukcija o iznosima novčanih davanja po Zakonu o socijalnoj zaštiti, zaštiti civilnih žrtava rata i zaštiti porodice sa djecom – Instrukciju svake kalendarske godine donosi ministar za rad, socijalnu politiku, raseljena lica i izbjeglice Kantona Sarajevo. | L4: Državljanstvo Bosne i Hercegovine;Potreba za tuđom njegom i pomoći civilne žrtve rata utvrđuje se na osnovu nalaza i mišljenja nadležne ljekarske komisije određene propisom ministra Federalnog ministarstva rada i socijalne politike. Vodi se upravni postupak u kojem se utvrđuje ispunjavanje uslova za ostvarivanje prava na dodatak za njegu i pomoć od strane drugog lica. Podnosilac zahtjeva ima pravo podnijeti žalbu na rješenje prvostepenog organa kojim nije ostvario pravo na dodatak za njegu i pomoć od strane drugog lica Ministarstvu za rad, socijalnu politiku, raseljena lica i izbjeglice Kantona Sarajevo, kao i pokrenuti upravni spor pred Kantonalnim sudom u Sarajevu. da ima priznat status civilne žrtve rata i pravo na ličnu invalidninu i da je nalazom i mišljenjem od strane ljekarske komisije utvrđena potreba za ortopedskim dodatkom. • | M4: Zahtjev za ostvarivanje prava na dodatak za njegu i pomoć od strane drugog lica podnosi se općini, nadležnoj općinskoj službi općine u kojoj podnosilac zahtjeva ima prebivalište. • • rješenje o priznavanju statusa civilne žrtve rata i prava na ličnu invalidninu; • ovjerena kopija lične karte; • CIPS prijava o mjestu prebivališta i • medicinska dokumentacija. Uvjerenje o nekažnjavanju, Ovjerena izjava u skladu sa čl.7, stav 1. i 2., čl.74, čl.75, čl.76a i čl.77 Zakona o osnovama socijalne zaštite, zaštite civilnih žrtava rata i zaštite porodice sa djecom („Službene novine FBiH“ broj 36/99,54/04,39/06,14/09,45/16 i 40/18), Tekući račun podnosioca zahtjeva | P4: Administrativni postupci
A5: 13 | B5: Ocjenjivanje sposobnosti, razvrstavanje djece i omladine ometene u psiho-fizičkom razvoju | C5: Utvrđivanja preostale sposobnosti i razvrstavanja djece i omladine, vodi se do navršene 18. godine života djeteta. | D5: Novorođenče | E5: Socijalna zaštita | F5: Kantonalni centar za socijalni rad | G5: Gatačka 80, Sarajevo | H5: https://kcsr.ba/ | I5: 38733723640 | J5: info@kcsr.ba | K5: Pravilnik o utvrđivanju preostale sposobnosti i razvrstavanju djece i omladine ometene u psiho-fizičkom razvoju KS | M5: https://kcsr.ba/file/kcsr21/274 | N5: https://kcsr.ba/file/kcsr21/274 | P5: Administrativni postupci
A6: 25 | B6: Smještaj u ustanovu, njega, rehabilitacija i socijalna zaštita – Dom za djecu bez roditeljskog staranja | C6: Cjelokupno zbrinjavanje, odgoj, školovanje, zdravstvena zaštita djece bez roditelja i djece čiji je razvoj ometen porodičnim prilikama. | D6: Novorođenče | E6: Socijalna zaštita | F6: Kantonalna javna ustanova Dom za djecu bez roditeljskog staranja Javna ustanova “Kantonalni centar za socijalni rad” – službe socijalne zaštite Ministarstvo za rad, socijalnu politiku, raseljena lica i izbjeglice Kantona Sarajevo | G6: Bjelave 52, 71000 Sarajevo, Bosna i Hercegovina | H6: https://dombjelave.ba/bs | I6: 38733209044 | J6: dombjelave@hotmail.com | K6: Član 85 Dom za socijalno i zdravstveno zbrinjavanje osoba sa invaliditetom i drugih osoba obavlja poslove socijalno-zdravstvenog zbrinjavanja odraslih tjelesno i mentalno invalidnih osoba, osoba sa trajnim smetnjama u fizičkom ili psihičkom razvoju, duševno oboljelih i hronično bolesnih osoba, osoba sa specifičnim oboljenjima, ako ne postoje osnovni uvjeti za smještaj u vlastitoj ili drugoj porodici ili drugoj ustanovi, a nije im neophodno bolničko liječenje ili je bolničko liječenje završeno. • Zakon o socijalnoj zaštiti, zaštiti civilnih žrtava rata i zaštiti porodice sa djecom („Službene novine Kantona Sarajevo“ br. 38/14 – Prečišćeni tekst, 38/16, 44/17 i 28/18); član 94. | M6: zahtjev za smještaj; rješenje o smještaju; socijalna anamneza; izvod iz matične knjige rođenih; zdravstvena knjižica; medicinska dokumentacija (ukoliko dijete ima zdravstvene poteškoće) i rješenje o starateljstvu (ukoliko je dijete pod starateljstvom nadležne službe). | P6: Administrativni postupci
A7: 4 | B7: Jednokratna novčana pomoć licima i domaćinstvima sa područja općine Novo Sarajevo | C7: Jednokratna novčana pomoć licima i domaćinstvima sa područja općine Novo Sarajevo samo za osobe za prebivalištem u Općini Novo Sarajevo | D7: Novorođenče | E7: Socijalna zaštita | F7: Općina Novo Sarajevo | G7: Zmaja od Bosne 55, 71000 Sarajevo, Bosna i Hercegovina | H7: https://novosarajevo.ba/ | I7: 38733492125 | J7: socijalna.pitanja@novosarajevo.ba | K7: Odluka o uslovima, načinu, kriterijima i iznosu sredstava za dodjelu jednokratne novčane pomoći licima i domaćinstvima sa područja općine Novo Sarajevo ("Službene novine Kantona Sarajevo", broj: 19/21 i 19/22) | L7: Zahtjev se predaje Službi za socijalna pitanja, zdravstvo, izbjeglice i raseljena lica na propisanom obrascu, na kojem je navedena dokumentacija koju je potrebno priložiti. | M7: izjava - saglasnost za obradu podataka potvrda prijave mjesta prebivališta-boravišta (CIPS) za sve članove domaćinstva potvrda mjesne zajednice ili ovjerena kućna lista o broju članova domaćinstva potvrda banke o otvorenom žiro-računu preporuke stručnog lica medicinske struke original računi i dokaz o participaciji od Zavoda zdravstvenog osiguranja KS pravosnažno Rješenje ili uvjerenje JU "Centar za socijalni rad" dokaz o primanjima za sve članove domaćinstva ili potvrda o redovnom školovanju uvjerenje iz JU "Centar za socijalni rad" da li je njihov korisnik po bilo kom osnovu, za sve članove domaćinstva uvjerenje Porezne uprave, za sve članove domaćinstva | N7: https://novosarajevo.ba/userfiles/doc/files/Odluka_o_uslovima.pdf | O7: Zahtjevi se podnose tokom čitave godine, ali se pravo ostvaruje jednom u toku kalendarske godine | P7: Administrativni postupci
A8: 7 | B8: Kupovina lijekova po posebnim protokolima | C8: Pravo na liječenje rijetkih i teških oboljenja po posebnim protokolima (reumatoidini artritis, juvenilni idiopatski artritis, enteralna prehrana, bezglutensko brašno za oboljele od celijaklije) | D8: Novorođenče | E8: Zdravstvena zaštita | F8: Zavod zdravstvenog osiguranja Kantona Sarajevo/zdravstvene ustanove | G8: Ložionička 2, 71000 Sarajevo, Bosna i Hercegovina | H8: https://www.kzzosa.ba/ | I8: 38733725207 | J8: info@kzzosa.ba | K8: Posebni protokoli (zaključuju se na godišnjem nivou, dostupni na stranici Zavoda, rubrika Javnost rada) | L8: Ovlašteni ljekari (posebno utvrđeni po svakom protokolu) predlažu, a u odnosu na raspoloživa sredstva, komisija odobrava. Zdravstvena ustanova u kojoj su propisivači direktno podnosi zahtjev za uključivanjem pacijenta, a nakon odobrenja, na osnovu propisanog recepta pacijent ostvaruje pravo na lijek/sredstvo u apotekama ili neposredno u zdravstvenim ustanovama (ukoliko se po prirodi protokola liječenja, lijek aplicira samo u bolničkim uslovima) | P8: Administrativni postupci
A9: 8 | B9: Medicinska rehabilitacija/banjsko liječenje kao produženo bolničko liječenje | C9: Pravo na medicinsku rehabilitaciju u ugovornim banjama | D9: Novorođenče | E9: Zdravstvena zaštita | F9: Zavod zdravstvenog osiguranja Kantona Sarajevo | G9: Ložionička 2, 71000 Sarajevo, Bosna i Hercegovina | H9: https://www.kzzosa.ba/ | I9: 38733725207 | J9: info@kzzosa.ba | K9: Odluka o utvrđivanju osnovnog paketa zdravstvenih prava ("Sl.novine FBiH" br. 21/09) | L9: Ovlašteni ljekar/propisivač (neurolog, kardiolog itd) izdaju preporuku za medicinsku rehabilitaciju, koja se ovjerava u ZZO KS i osiguranik upućuje na medicinsku rehabilitaciju do 21 dana | P9: Administrativni postupci
A10: 9 | B10: Medicinska sredstva - ortopedska pomagala | C10: Pravo na medicinska sredstva/ortopedska pomagala za osiguranike u Kantonu Sarajevo | D10: Novorođenče | E10: Zdravstvena zaštita | F10: Zavod zdravstvenog osiguranja Kantona Sarajevo | G10: Ložionička 2, 71000 Sarajevo, Bosna i Hercegovina | H10: https://www.kzzosa.ba/ | I10: 38733725207 | J10: info@kzzosa.ba | K10: Odluka o obimu, uslovima i načinu ostvarivanja prava osiguranih lica Kantona Sarajevo na medicinska sredstva ("Službene novine Kantona Sarajevo", broj: 22/20, 30/21, 42/22 i 48/22) | L10: Ovlašteni ljekar/propisivač )ljekar porodične medicine, neurolog, dijabetolog itd.) popunjavaju obrazac o pravu na medicinsko sredstvo koji se ovjerava u ZZO KS i nakon toga osiguranik preuzima propisano medicinsko sredstvo u apotekama i/ili specijaliziranim trgovinama za promet medicinskim sredstvima | P10: Administrativni postupci
A11: 15 | B11: Pravo na ličnu invalidninu, dodatak za njegu i pomoć drugog lica i ortopedski dodatak | C11: Licima sa invaliditetom i grupe sa 100% tjelesnog oštećenja i licima sa invaliditetom II grupe sa 90% tjelesnog oštećenja, omogućiti ostvarivanje prava na ličnu invalidninu, dodatak za njegu i pomoć od strane drugog lica i ortopedski dodatak. | D11: Novorođenče | E11: Socijalna zaštita | F11: Kantonalni centar za socijalni rad | G11: Gatačka 80, Sarajevo | H11: https://kcsr.ba/ | I11: 38733723635 | J11: mirsada@kcsr.ba | K11: Zakon o osnovama socijalne zaštite zaštite civilnih žrtava rata i zaštite porodice sa djecom Federacije BiH Zakon o socijalnoj zaštiti, zaštiti civilnih žrtava rata i zaštiti porodice sa djecom Kantona Sarajevo | L11: (uvjerenje se pribavlja u općini prebivališta /boravišta podnosioca zahtjeva) (uvjerenje se pribavlja u općini prebivališta podnosioca zahtjeva) | M11: https://kcsr.ba/file/kcsr13/268 | N11: https://kcsr.ba/file/kcsr13/268 | P11: Administrativni postupci
A12: 19 | B12: Pravo na stalnu novčanu pomoć | C12: Ostvarivanje prava na materijalnu pomoć licima nesposobnim za rad, bez sredstava za život i srodnika koji su po Zakonu obavezni na izdržavanje. | D12: Novorođenče | E12: Socijalna zaštita | F12: Kantonalni centar za socijalni rad | G12: Gatačka 80, Sarajevo | H12: https://kcsr.ba/ | I12: 38733723635 | J12: mirsada@kcsr.ba | K12: Zakon o osnovama socijalne zaštite zaštite civilnih žrtava rata i zaštite porodice sa djecom Federacije BiH Zakon o socijalnoj zaštiti, zaštiti civilnih žrtava rata i zaštiti porodice sa djecom Kantona Sarajevo | L12: (matični ured prema mjestu rodjenja maloljetne osobe) (dokaz o primanjima – potvrda o visini ličnog dohotka, potvrda službe za zapošljavanje, potvrda PIO, potvrda škole/fakulteta) (nadležna je općina prebivališta članova domaćinstva) (dokaz o kvadraturi stambenog prostora -utvrdjuje se od strane stručnih radnika -na terenu – općine koja vodi postupak po osnovu zahtjeva) (nadležna je služba općine za obavljanje poslova iz oblasti zaštite civilnih žrtava rata i zaštite porodice sa djecom) (matični ured prema mjestu rodjenja maloljetne osobe) (nadležna je općina prebivališta članova domaćinstva) (Prema prebivalištu podnosioca zahtjeva) | M12: https://kcsr.ba/file/kcsr4/262 | N12: https://kcsr.ba/file/kcsr4/262 | P12: Administrativni postupci
A13: 20 | B13: Pravo na zdravstvenu zaštitu | C13: Ostvarivanje prava od strane lica-korisnika stalne novčane pomoći i lica sa invaliditetom pravo na zdravstvenu zaštitu ( pod uslovom da ga ne mogu ostvariti po drugom osnovu). | D13: Novorođenče | E13: Socijalna zaštita | F13: Kantonalni centar za socijalni rad | G13: Gatačka 80, Sarajevo | H13: https://kcsr.ba/ | I13: 38733723635 | J13: mirsada@kcsr.ba | K13: Zakon o osnovama socijalne zaštite zaštite civilnih žrtava rata i zaštite porodice sa djecom Federacije BiH Zakon o socijalnoj zaštiti, zaštiti civilnih žrtava rata i zaštiti porodice sa djecom Kantona Sarajevo | L13: (prema mjestu prebivališta podnosioca zahtjeva) | M13: https://kcsr.ba/file/kcsr7/264 | N13: https://kcsr.ba/file/kcsr7/264 | P13: Administrativni postupci
A14: 21 | B14: Priznavanje statusa roditelja njegovatelja | C14: Priznavanje statusa roditelja njegovatelja | D14: Novorođenče | E14: Socijalna zaštita | F14: Kantonalni centar za socijalni rad | G14: Gatačka 80, Sarajevo | H14: https://kcsr.ba/ | I14: 38733723635 | J14: mirsada@kcsr.ba | K14: Zakon o roditeljima njegovateljima u Federaciji BiH | L14: Da bi neko ostvario status roditelja njegovatelja te po osnovu statusa pravo na materijalnu podršku u vidu mjesečne naknade i pripadajućih doprinosa, potrebno je da podnese zahtjev (obrazac Zahtjeva se nalazi na Web stranici JU „Kantonalni Centar za socijalni rad u poglavlju Obrazci pod rednim brojem KCSR 23... ) Službi socijalne zaštite općine na čijem području ima posljednje prebivalište/ boravište. Podnosioci su dužni uz zahtjev priložiti dokaze navedene u Obrazcu zahtjeva. Pored toga, osobe koje ostvare pravo na status roditelja njegovatelja i po osnovu statusa pravo na materijalnu podršku, a koje imaju status rezidenta Federacije BiH i po osnovu statusa žele ostvariti pravo na osnovni lični odbitak i odbitke po osnovu izdržavanja članova uže porodice i po osnovu svog invaliditeta i invaliditeta članova porodice koje izdržavaju, moraju kod Porezne uprave Federacije pribaviti svoju poreznu karticu. | M14: https://kcsr.ba/file/kcsr-23/349 | N14: http://obrasci.pufbih.ba/images/stories/dohodak_docs/NoviObrazacPK1001hrv.pdf | P14: Administrativni postupci
A15: 33 | B15: Usluge centara za prevenciju | C15: Logopedi, defektolozi | D15: Novorođenče | E15: Zdravstvena zaštita | K15: Zakon o osnovama socijalne zaštite, zaštite civilnih žrtava rata i zaštite porodice s djecom, Član 88: Zaštita porodice sa djecom ima za cilj: da se osiguraju svoj djeci približno jednaki uvjeti za zdrav i pravilan tjelesni, intelektualni i emocionalni razvoj u porodici, pomoć u ostvarivanju njene reproduktivne uloge, njezi, podizanju, odgoju i zaštiti djece i poboljšanju kvaliteta života porodice, razvijanje humanih odnosa u skladu sa načelima građanskog morala i solidarnosti. Djetetu bez oba ili jednog roditelja, porodici koja ima dijete ometeno u fizičkom ili psihičkom razvoju i porodici u kojoj su oba ili jedan roditelj invalidi, osiguravaju se povoljniji uvjeti u sticanju i ostvarivanju prava i veći iznosi materijalnih i drugih davanja utvrđenih ovim zakonom i propisom kantona. | P15: Diskrecione usluge
A16: 49 | B16: Ugradnja inzulinske pumpice | C16: Osigurana lica - djeca do 18 godina, inzuloovisnici, na prijedlog tima za inzulinske pumpe pedijatrijske klinike, a uz odobrenje komisije Zavoda, mogu ostvariti pravo na inzulinsku pumpu. Uz inzulinsku pumpu obezbješuje se potrošni materijal: | D16: Novorođenče | E16: Zdravstvena zaštita | F16: Zavod zdravstvenog osiguranja KS | K16: Uredba o obimu, uvjetima i načiu ostvarivanja prava osiguranih lica na korištenje ortopedskih i drugih pomagala, endoproteza, stomatološko protetske pomoći i stomatološko - protetskih nadomjestaka https://www.kzzosa.ba/wp-content/uploads/2023/08/Odluka_o_visini_ucesca_ZZO_KS_u_cijeni_medicinskih_sredstava-1.pdf | P16: Diskrecione usluge
A17: 50 | B17: Uvećani dječiji doplatak | C17: Ako je neki član porodice lice sa invaliditetom, djeca imaju pravo na uvećani dječiji dodatak. Zakonom nije predviđen imovinski cenzus. Obratiti se nadležnoj službi u općini stanovanja, popuniti zahtjev i priložiti tražene dokumente. | D17: Novorođenče | E17: Socijalna zaštita | F17: Općine | P17: Diskrecione usluge
A18: 53 | B18: Pravo na penziju | C18: Osoba sa teškoćama u razvoju (nesposobnost za samostalan život, nesposobnost za privređivanje) ima pravo na penziju roditelja. | D18: Novorođenče | E18: Socijalna zaštita | K18: Član 73 (Uslovi za porodičnu penziju djeteta) (1) Dijete ima pravo na porodičnu penziju do navršenih 15 godina života. (2) Poslije navršenih 15 godina života, dijete ima pravo na porodičnu penziju do završetka redovnog školovanja, ali najkasnije do navršenih 26 godina života. (3) Redovnim školovanjem, u smislu ovog zakona, ne smatra se školovanje u školi istog ili nižeg stepena obrazovanja od škole koju je dijete završilo. (4) Dijete kod koga nastupi nesposobnost za samostalan život i rad prije 15. godine života ima pravo na porodičnu penziju dok ta nesposobnost traje. (5) Dijete kod koga nesposobnost za privređivanje nastupi poslije 15. godine života, a prije smrti osiguranika odnosno korisnika penzije ima pravo na porodičnu penziju ako ga je osiguranik odnosno korisnik penzije izdržavao do svoje smrti. (6) Dijete kod koga u toku korištenja prava na porodičnu penziju nastupi nesposobnost za samostalan život i rad ili nesposobnost za privređivanje zadržava pravo na penziju dok ta nesposobnost traje. (7) Nesposobnost za samostalan život i rad postoji kada se lice zbog vrste i težine fizičkog ili mentalnog oštećenja ili vrste i težine psihičke bolesti ne može osposobiti za obavljanje najjednostavnijih poslova. | P18: Neinstitucionalizirana prava
A19: 31 | B19: Ambulanta "Sve na jednom mjestu" za djecu i osobe s poteškoćama u razvoju | C19: Dodatna ambulanta nije namijenjena za prehlade, upale grla i sl. Nego, ukoliko dijete ili osoba sa teškoćama u razvoju treba istovremeno preglede, odnosno nalaze, kao što su vađenje krvi, EKG, RTG pluća, pedijatrijski pregled ili mišljenje anesteziologa. | D19: Novorođenče | E19: Zdravstvena zaštita | F19: Opća bolnica "Prim.dr. Abdulah Nakaš" | G19: Kranjčevićeva 12, Sarajevo | I19: 38733285261 | L19: Naručivanje u ambulanti. | P19: Diskrecione usluge
A20: 34 | B20: Jednokratna novčana pomoć za invalidna lica | C20: Općina Ilidža: Općinski načelnik dodjeljuje jednokratnu novčanu pomoć osobama sa invaliditetom sa posebnim potrebama koje su u socijalnoj potrebi. | D20: Novorođenče | E20: Socijalna zaštita | F20: Općina Ilidža | G20: Butmirska cesta 12, prvi sprat | H20: https://www.opcinailidza.ba/services/sluzba-za-socijalna-pitanja-zdravstvo-izbjeglice-i-raseljena-lica | I20: 387733637384 | J20: sejda.topalovic@opcinailidza.ba | K20: Pomoć se dodjeljuje kontinuirano posljednjih 10 godina | L20: Dodjela se vrši na osnovu evidencija Službe, a upis u evidenciju može se izvršti i na način da se dostavi dokumentacija Službi za socijalna pitanja, zdravstvo, izbjeglice i raseljena lica Općine Ilidža na adresi Butmirska cesta 12, -prvi sprat | M20: CIPS-ova prijava mjesta boravka Rješenje koje je doneseno u skladu Pravilnikom o utvrđivanju preostale sposobnosti i razvrstavanju djece i omladine ometene u psiho-fizičkom razvoju ("Službene novine Kantona Sarajevo" br. 26/08 i 5/12), odnsono medicinskom dokumentacijom za djecu oboljelu od od karcinoma, šećerne bolesti, leukemije, TBC i celijakije | N20: ZAHTJEV ZA PRIZNAVANJE PRAVA NA JEDNOKRATNU NOVČANU POMOĆ I SUFINANSIRANJE MEDICINSKI POTPOMOGNUTE OPLODNJE.pdf (opcinailidza.ba) | P20: Diskrecione usluge
A21: 36 | B21: Jednokratna novčana pomoć za teško bolesne osobe i umjetnu oplodnju | C21: Novčana pomoć za teško oboljela lica sa područja općine Ilidža kojima je potrebno plaćanje troškova liječenja u zemlji i/ili inostranstvu. | D21: Novorođenče | E21: Zdravstvena zaštita | F21: Općina Ilidža | G21: Butmirska cesta 12, prvi sprat | H21: ZAHTJEV ZA PRIZNAVANJE PRAVA NA JEDNOKRATNU NOVČANU POMOĆ I SUFINANSIRANJE MEDICINSKI POTPOMOGNUTE OPLODNJE.pdf (opcinailidza.ba) | I21: 387733637384 | J21: sejda.topalovic@opcinailidza.ba | K21: Za rješavanje zahtjeva nadležna je Komisija koju čine ljekari različitih specijalnosti | L21: ZAHTJEV ZA PRIZNAVANJE PRAVA NA JEDNOKRATNU NOVČANU POMOĆ I SUFINANSIRANJE MEDICINSKI POTPOMOGNUTE OPLODNJE.pdf (opcinailidza.ba) | M21: ZAHTJEV ZA PRIZNAVANJE PRAVA NA JEDNOKRATNU NOVČANU POMOĆ I SUFINANSIRANJE MEDICINSKI POTPOMOGNUTE OPLODNJE.pdf (opcinailidza.ba) | N21: ZAHTJEV ZA PRIZNAVANJE PRAVA NA JEDNOKRATNU NOVČANU POMOĆ I SUFINANSIRANJE MEDICINSKI POTPOMOGNUTE OPLODNJE.pdf (opcinailidza.ba) | P21: Diskrecione usluge
A22: 39 | B22: Osnovna dijagnostika | C22: Osobe s invaliditetom imaju pravo na besplatnu osnovnu dijagnostiku na KCUS-u i Domovizma zdravlja KS. | D22: Novorođenče | E22: Zdravstvena zaštita | F22: Klinički centar Univerziteta u Sarajevu i Domovi zdravlja Kantona Sarajevo | P22: Diskrecione usluge
A23: 40 | B23: Osnovni paket fiksne telefonije - socijalni | C23: Pravo na Socijalni paket ostvaruju: porodice palog borca, ratni vojni invalidi sa 100% invalidnosti, slijepa lica i kategorije, lica oboljela od distrofije i srodnih bolesti, paraplegičari, oboljeli od dječje ili cerebralne paralize i multiple skleroze i korisnici stalne novčane pomoći, u smislu zakona o osnovama socijalne zaštite, zaštite civilnih žrtava rata i zaštite porodica sa djecom i odgovarajućih kantonalnih pozitivnih propisa u FBiH, kojima se uređuje ova oblast. | D23: Novorođenče | E23: Kultura i sport | F23: BH Telecom | G23: Zmaja od Bosne 88 | H23: https://mojwebshop.bhtelecom.ba/INTERSHOP/web/BOS/BHTelecomWebShop-BHTelecom-Site/bs_BA/-/BAM/ViewProduct-Start?SKU=100003 | I23: 38733653093 | P23: Diskrecione usluge
A24: 41 | B24: Porez na dohodak, umanjenje poreza na zaposlene osobe sa invaliditetom | C24: Zaposlene osobe s invaliditetom imaju pravo na osnovni lični odbitak i umanjenje porezne osnovice po osnovu izdražavanja članova uže porodice i /ili po osnovu eventualne invalidnosti tih članova ili samog poreznog obveznika. Rezidentni porezni obveznici mogu odbiti i lični odbitak: 0,3 osnovnog ličnog odbitka iz stava (1) člana 24 za utvrđenu vlastitu invalidnost, kao i za utvrđenu invalidnost svakog člana uže porodice koje porezni obveznik izdržava. | D24: Novorođenče | E24: Poreske olakšice | F24: Poreska uprava Općine | K24: Zakn o porezu na dohodak FBiH | M24: Kopija lične karte Vjenčani list; Rodni list; Dokaz o visini prihoda izdržavanog lica; Uvjerenje o zajedničkom domaćinstvu; Rješenje nadležnog organa sa utvrđenim tjelesnim oštećenjem i stepena invaliditeta | P24: Diskrecione usluge
A25: 42 | B25: Posebna ishrana | D25: Novorođenče | E25: Zdravstvena zaštita | F25: Zavod zdravstvenog osiguranja KS | P25: Diskrecione usluge
A26: 52 | B26: Pravo na kućnu njegu | C26: Osoba može dobiti pomoć i njegu u kući ako ispunjava sljedeće uvjete: - Nije već dobila novčanu naknadu za pomoć i njegu od drugog. - Nema mogućnost da pomoć i njegu osiguraju roditelji, bračni partner ili djeca. - Nema mogućnost osiguranja pomoći i njege putem ugovora o doživotnom izdržavanju. - Prihod njezina kućanstva ne prelazi 30% prosječne plaće. | D26: Novorođenče | E26: Socijalna zaštita | H26: Moze li neko provjeriti u: Usluga dnevnog ili poludnevnog boravka u Centar za dnevni boravak – Gerontološki centar , u prvom sheetu | K26: Član 60 Pomoć i njega u kući može se odobriti osobi kojoj je zbog tjelesnog ili mentalnog oštećenja ili trajnih promjena u zdravstvenom stanju ili starosti prijeko potrebna pomoć i njega druge osobe pod uvjetom: - da nije ostvarila pravo na novčanu naknadu za pomoć i njegu od strane druge osobe; - da nema mogućnosti da joj pomoć i njegu osiguraju roditelji, bračni drug i djeca; - da nema mogućnosti da pomoć i njegu osigura na temelju ugovora o doživotnom izdržavanju; - da prihod po članu domaćinstva ne prelazi 30% prosječne plaće. Potrebu za pomoć i njegu u kući utvrđuje Stručna institucija. | P26: Neinstitucionalizirana prava
A27: 58 | B27: Pravo roditelja njegovatelja na osiguranje | C27: Roditelji staratelji imaju isti status osiguranja kao i zaposleni pojedinci. | D27: Novorođenče | E27: Rad i zapošljavanje | K27: Član 11. (Naknada i doprinosi) (1) Roditelj njegovatelj ima pravo na mjesečnu naknadu u visini iznosa neto najniže plaće u Federaciji Bosne i Hercegovine u skladu sa Zakonom o radu ("Službene novine Federacije BiH", br. 26/16 i 89/18), na koju se uplaćuju doprinosi za penzijsko i invalidsko osiguranje, zdravstveno osiguranje i osiguranje za vrijeme nezaposlenosti. | P27: Neinstitucionalizirana prava
A28: 59 | B28: Pravo roditelja njegovatelja na pokrivanje troškova sahrane/dženaze | C28: Roditelji staratelji dobijaju troškove sahrane za preminulu osobu sa invaliditetom, slično kao i federalni službenici. Roditelju lica s invaliditetom može se priznati status roditelja njegovatelja ukoliko je nazaposlen i prijavljen na evidenciji nadležne službe za zapošljavanje. Status roditelja njegovatelja priznaje se jednom od roditelja lica s invaliditetom sa 100% oštećenjem organizma i pravom na dodatak za njegu i pomoć od drugog lica. | D28: Novorođenče | E28: Socijalna zaštita | K28: Član 11. (Naknada i doprinosi) (4) U slučaju smrti lica sa invaliditetom, roditelj njegovatelj ostvaruje pravo na naknadu troškova ukopa – sahrane umrlog lica na isti način kako je to, drugim zakonima, regulisano za zaposlenike federalnih organa. | P28: Neinstitucionalizirana prava
A29: 60 | B29: Prednost u primanju usluga u zdravstvenom i drugim institucijama | D29: Novorođenče | E29: Zdravstvena zaštita | P29: Neinstitucionalizirana prava
A30: 24 | B30: Smještaj u hospis | C30: Zbrinjavanje teško oboljelih u zdravstveno-socijalnoj ustanovi | D30: Novorođenče | E30: Zdravstvena zaštita | F30: Zavod zdravstveno osiguranja Kantona Sarajevo | G30: Ložionička 2, 71000 Sarajevo, Bosna i Hercegovina | H30: https://www.kzzosa.ba/ | I30: 38733725207 | J30: info@kzzosa.ba | K30: Ugovor sa zdravstveno-socijalnom ustanovom | L30: Porodični ljekari, prema kriterijumima utvrđenim od Ministarstva zdravstva KS, pacijenta u terminalnoj fazi bolesti upućuje u zdravstveno-socijalnu ustanovu na odgovarajuću skrb (medicinska i psihološka podrška) | P30: Administrativni postupci
A31: 22 | B31: Refundacija troškova lijekova i liječenja | C31: Pravo na refundiranje troškova lijekova, medicinskih sredstava i liječenja koji nisu obuhvaćeni obaveznim zdravstvenim osiguranjem (odobravanje sredstava do 20.000KM) | D31: Predškolska dob | E31: Zdravstvena zaštita | F31: Zavod zdravstvenog osiguranja Kantona Sarajevo | G31: Ložionička 2, 71000 Sarajevo, Bosna i Hercegovina | H31: https://www.kzzosa.ba/ | I31: 38733725207 | J31: info@kzzosa.ba | K31: Pravilnik o načinu ostvarivanja prava iz obaveznog zdravstvenog osiguranja ("Sl.novine FBiH" br 31/02 i 20/19) i odluke ZZOKS | L31: Zahtjev za refundaciju troškova lijeka, medicinskog sredstva ili liječenja koji nisu obuhvaćenim obaveznim zdravstvenim osiguranjem, a preporučeni su pacijentu, podnosi se ZZO KS (odlučuje posebna komisija). Uz zahtjev se dostavlja medicinska dokumentacija kojom je preporučeno lijek, liječenje ili medicinsko sredstvo, potvrda o prebivalištu i originalni račun o plaćenom lijeku, liječenju ili medicinskom sredstvu. | P31: Administrativni postupci
A32: 2 | B32: Dodatak za njegu i pomoć od strane drugog lica, Civilne žrtve rata | C32: Pravo na dodatak za pomoć i njegu od strane druge osobe invalidima od I do IV grupe koji su nesposobni za vršenje osnovnih životnih potreba bez pomoći drugog lica. | D32: Predškolska dob | E32: Zaštita civilnih žrtava rata | F32: Općina, nadležna općinska služba Ministarstvo za rad, socijalnu politiku, raseljena lica i izbjeglice Kantona Sarajevo | G32: Primjer Općine Centar | H32: https://eregistar.centar.ba/registar/12-21-pravo-na-dodatak-za-njegu-i-pomoc-od-strane-drugog-lica-czr/ | I32: 0038733562450 | J32: zlatan.kulovic@centar.ba | K32: Zakon o osnovama socijalne zaštite, zaštite civilnih žrtava rata i zaštite porodice sa djecom („Službene novine Federacije Bosne i Hercegovine“, br. 36/99, 54/04, 39/06, 14/09, 45/16 i 40/18); član 60. Instrukcija o iznosima novčanih davanja po Zakonu o socijalnoj zaštiti, zaštiti civilnih žrtava rata i zaštiti porodice sa djecom – Instrukciju svake kalendarske godine donosi ministar za rad, socijalnu politiku, raseljena lica i izbjeglice Kantona Sarajevo. | L32: državljanstvo Bosne i Hercegovine;Potreba za tuđom njegom i pomoći civilne žrtve rata utvrđuje se na osnovu nalaza i mišljenja nadležne ljekarske komisije određene propisom ministra Federalnog ministarstva rada i socijalne politike. Vodi se upravni postupak u kojem se utvrđuje ispunjavanje uslova za ostvarivanje prava na dodatak za njegu i pomoć od strane drugog lica. Podnosilac zahtjeva ima pravo podnijeti žalbu na rješenje prvostepenog organa kojim nije ostvario pravo na dodatak za njegu i pomoć od strane drugog lica Ministarstvu za rad, socijalnu politiku, raseljena lica i izbjeglice Kantona Sarajevo, kao i pokrenuti upravni spor pred Kantonalnim sudom u Sarajevu. da ima priznat status civilne žrtve rata i pravo na ličnu invalidninu i da je nalazom i mišljenjem od strane ljekarske komisije utvrđena potreba za ortopedskim dodatkom. • | M32: Zahtjev za ostvarivanje prava na dodatak za njegu i pomoć od strane drugog lica podnosi se općini, nadležnoj općinskoj službi općine u kojoj podnosilac zahtjeva ima prebivalište. • • rješenje o priznavanju statusa civilne žrtve rata i prava na ličnu invalidninu; • ovjerena kopija lične karte; • CIPS prijava o mjestu prebivališta i • medicinska dokumentacija. Uvjerenje o nekažnjavanju, Ovjerena izjava u skladu sa čl.7, stav 1. i 2., čl.74, čl.75, čl.76a i čl.77 Zakona o osnovama socijalne zaštite, zaštite civilnih žrtava rata i zaštite porodice sa djecom („Službene novine FBiH“ broj 36/99,54/04,39/06,14/09,45/16 i 40/18), Tekući račun podnosioca zahtjeva | P32: Administrativni postupci
A33: 13 | B33: Ocjenjivanje sposobnosti, razvrstavanje djece i omladine ometene u psiho-fizičkom razvoju | C33: Utvrđivanja preostale sposobnosti i razvrstavanja djece i omladine, vodi se do navršene 18. godine života djeteta. | D33: Predškolska dob | E33: Socijalna zaštita | F33: Kantonalni centar za socijalni rad | G33: Gatačka 80, Sarajevo | H33: https://kcsr.ba/ | I33: 38733723640 | J33: info@kcsr.ba | K33: Pravilnik o utvrđivanju preostale sposobnosti i razvrstavanju djece i omladine ometene u psiho-fizičkom razvoju KS | M33: https://kcsr.ba/file/kcsr21/274 | N33: https://kcsr.ba/file/kcsr21/274 | P33: Administrativni postupci
A34: 25 | B34: Smještaj u ustanovu, njega, rehabilitacija i socijalna zaštita – Dom za djecu bez roditeljskog staranja | C34: Cjelokupno zbrinjavanje, odgoj, školovanje, zdravstvena zaštita djece bez roditelja i djece čiji je razvoj ometen porodičnim prilikama. | D34: Predškolska dob | E34: Socijalna zaštita | F34: Kantonalna javna ustanova Dom za djecu bez roditeljskog staranja Javna ustanova “Kantonalni centar za socijalni rad” – službe socijalne zaštite Ministarstvo za rad, socijalnu politiku, raseljena lica i izbjeglice Kantona Sarajevo | G34: Bjelave 52, 71000 Sarajevo, Bosna i Hercegovina | H34: https://dombjelave.ba/bs | I34: 38733209044 | J34: dombjelave@hotmail.com | K34: Član 85 Dom za socijalno i zdravstveno zbrinjavanje osoba sa invaliditetom i drugih osoba obavlja poslove socijalno-zdravstvenog zbrinjavanja odraslih tjelesno i mentalno invalidnih osoba, osoba sa trajnim smetnjama u fizičkom ili psihičkom razvoju, duševno oboljelih i hronično bolesnih osoba, osoba sa specifičnim oboljenjima, ako ne postoje osnovni uvjeti za smještaj u vlastitoj ili drugoj porodici ili drugoj ustanovi, a nije im neophodno bolničko liječenje ili je bolničko liječenje završeno. • Zakon o socijalnoj zaštiti, zaštiti civilnih žrtava rata i zaštiti porodice sa djecom („Službene novine Kantona Sarajevo“ br. 38/14 – Prečišćeni tekst, 38/16, 44/17 i 28/18); član 94. | M34: zahtjev za smještaj; rješenje o smještaju; socijalna anamneza; izvod iz matične knjige rođenih; zdravstvena knjižica; medicinska dokumentacija (ukoliko dijete ima zdravstvene poteškoće) i rješenje o starateljstvu (ukoliko je dijete pod starateljstvom nadležne službe). | P34: Administrativni postupci
A35: 4 | B35: Jednokratna novčana pomoć licima i domaćinstvima sa područja općine Novo Sarajevo | C35: Jednokratna novčana pomoć licima i domaćinstvima sa područja općine Novo Sarajevo samo za osobe za prebivalištem u Općini Novo Sarajevo | D35: Predškolska dob | E35: Socijalna zaštita | F35: Općina Novo Sarajevo | G35: Zmaja od Bosne 55, 71000 Sarajevo, Bosna i Hercegovina | H35: https://novosarajevo.ba/ | I35: 38733492125 | J35: socijalna.pitanja@novosarajevo.ba | K35: Odluka o uslovima, načinu, kriterijima i iznosu sredstava za dodjelu jednokratne novčane pomoći licima i domaćinstvima sa područja općine Novo Sarajevo ("Službene novine Kantona Sarajevo", broj: 19/21 i 19/22) | L35: Zahtjev se predaje Službi za socijalna pitanja, zdravstvo, izbjeglice i raseljena lica na propisanom obrascu, na kojem je navedena dokumentacija koju je potrebno priložiti. | M35: izjava - saglasnost za obradu podataka potvrda prijave mjesta prebivališta-boravišta (CIPS) za sve članove domaćinstva potvrda mjesne zajednice ili ovjerena kućna lista o broju članova domaćinstva potvrda banke o otvorenom žiro-računu preporuke stručnog lica medicinske struke original računi i dokaz o participaciji od Zavoda zdravstvenog osiguranja KS pravosnažno Rješenje ili uvjerenje JU "Centar za socijalni rad" dokaz o primanjima za sve članove domaćinstva ili potvrda o redovnom školovanju uvjerenje iz JU "Centar za socijalni rad" da li je njihov korisnik po bilo kom osnovu, za sve članove domaćinstva uvjerenje Porezne uprave, za sve članove domaćinstva | N35: https://novosarajevo.ba/userfiles/doc/files/Odluka_o_uslovima.pdf | O35: Zahtjevi se podnose tokom čitave godine, ali se pravo ostvaruje jednom u toku kalendarske godine | P35: Administrativni postupci
A36: 7 | B36: Kupovina lijekova po posebnim protokolima | C36: Pravo na liječenje rijetkih i teških oboljenja po posebnim protokolima (reumatoidini artritis, juvenilni idiopatski artritis, enteralna prehrana, bezglutensko brašno za oboljele od celijaklije) | D36: Predškolska dob | E36: Zdravstvena zaštita | F36: Zavod zdravstvenog osiguranja Kantona Sarajevo/zdravstvene ustanove | G36: Ložionička 2, 71000 Sarajevo, Bosna i Hercegovina | H36: https://www.kzzosa.ba/ | I36: 38733725207 | J36: info@kzzosa.ba | K36: Posebni protokoli (zaključuju se na godišnjem nivou, dostupni na stranici Zavoda, rubrika Javnost rada) | L36: Ovlašteni ljekari (posebno utvrđeni po svakom protokolu) predlažu, a u odnosu na raspoloživa sredstva, komisija odobrava. Zdravstvena ustanova u kojoj su propisivači direktno podnosi zahtjev za uključivanjem pacijenta, a nakon odobrenja, na osnovu propisanog recepta pacijent ostvaruje pravo na lijek/sredstvo u apotekama ili neposredno u zdravstvenim ustanovama (ukoliko se po prirodi protokola liječenja, lijek aplicira samo u bolničkim uslovima) | P36: Administrativni postupci
A37: 8 | B37: Medicinska rehabilitacija/banjsko liječenje kao produženo bolničko liječenje | C37: Pravo na medicinsku rehabilitaciju u ugovornim banjama | D37: Predškolska dob | E37: Zdravstvena zaštita | F37: Zavod zdravstvenog osiguranja Kantona Sarajevo | G37: Ložionička 2, 71000 Sarajevo, Bosna i Hercegovina | H37: https://www.kzzosa.ba/ | I37: 38733725207 | J37: info@kzzosa.ba | K37: Odluka o utvrđivanju osnovnog paketa zdravstvenih prava ("Sl.novine FBiH" br. 21/09) | L37: Ovlašteni ljekar/propisivač (neurolog, kardiolog itd) izdaju preporuku za medicinsku rehabilitaciju, koja se ovjerava u ZZO KS i osiguranik upućuje na medicinsku rehabilitaciju do 21 dana | P37: Administrativni postupci
A38: 9 | B38: Medicinska sredstva - ortopedska pomagala | C38: Pravo na medicinska sredstva/ortopedska pomagala za osiguranike u Kantonu Sarajevo | D38: Predškolska dob | E38: Zdravstvena zaštita | F38: Zavod zdravstvenog osiguranja Kantona Sarajevo | G38: Ložionička 2, 71000 Sarajevo, Bosna i Hercegovina | H38: https://www.kzzosa.ba/ | I38: 38733725207 | J38: info@kzzosa.ba | K38: Odluka o obimu, uslovima i načinu ostvarivanja prava osiguranih lica Kantona Sarajevo na medicinska sredstva ("Službene novine Kantona Sarajevo", broj: 22/20, 30/21, 42/22 i 48/22) | L38: Ovlašteni ljekar/propisivač )ljekar porodične medicine, neurolog, dijabetolog itd.) popunjavaju obrazac o pravu na medicinsko sredstvo koji se ovjerava u ZZO KS i nakon toga osiguranik preuzima propisano medicinsko sredstvo u apotekama i/ili specijaliziranim trgovinama za promet medicinskim sredstvima | P38: Administrativni postupci
A39: 15 | B39: Pravo na ličnu invalidninu, dodatak za njegu i pomoć drugog lica i ortopedski dodatak | C39: Licima sa invaliditetom i grupe sa 100% tjelesnog oštećenja i licima sa invaliditetom II grupe sa 90% tjelesnog oštećenja, omogućiti ostvarivanje prava na ličnu invalidninu, dodatak za njegu i pomoć od strane drugog lica i ortopedski dodatak. | D39: Predškolska dob | E39: Socijalna zaštita | F39: Kantonalni centar za socijalni rad | G39: Gatačka 80, Sarajevo | H39: https://kcsr.ba/ | I39: 38733723635 | J39: mirsada@kcsr.ba | K39: Zakon o osnovama socijalne zaštite zaštite civilnih žrtava rata i zaštite porodice sa djecom Federacije BiH Zakon o socijalnoj zaštiti, zaštiti civilnih žrtava rata i zaštiti porodice sa djecom Kantona Sarajevo | L39: (uvjerenje se pribavlja u općini prebivališta /boravišta podnosioca zahtjeva) (uvjerenje se pribavlja u općini prebivališta podnosioca zahtjeva) | M39: https://kcsr.ba/file/kcsr13/268 | N39: https://kcsr.ba/file/kcsr13/268 | P39: Administrativni postupci
A40: 19 | B40: Pravo na stalnu novčanu pomoć | C40: Ostvarivanje prava na materijalnu pomoć licima nesposobnim za rad, bez sredstava za život i srodnika koji su po Zakonu obavezni na izdržavanje. | D40: Predškolska dob | E40: Socijalna zaštita | F40: Kantonalni centar za socijalni rad | G40: Gatačka 80, Sarajevo | H40: https://kcsr.ba/ | I40: 38733723635 | J40: mirsada@kcsr.ba | K40: Zakon o osnovama socijalne zaštite zaštite civilnih žrtava rata i zaštite porodice sa djecom Federacije BiH Zakon o socijalnoj zaštiti, zaštiti civilnih žrtava rata i zaštiti porodice sa djecom Kantona Sarajevo | L40: (matični ured prema mjestu rodjenja maloljetne osobe) (dokaz o primanjima – potvrda o visini ličnog dohotka, potvrda službe za zapošljavanje, potvrda PIO, potvrda škole/fakulteta) (nadležna je općina prebivališta članova domaćinstva) (dokaz o kvadraturi stambenog prostora -utvrdjuje se od strane stručnih radnika -na terenu – općine koja vodi postupak po osnovu zahtjeva) (nadležna je služba općine za obavljanje poslova iz oblasti zaštite civilnih žrtava rata i zaštite porodice sa djecom) (matični ured prema mjestu rodjenja maloljetne osobe) (nadležna je općina prebivališta članova domaćinstva) (Prema prebivalištu podnosioca zahtjeva) | M40: https://kcsr.ba/file/kcsr4/262 | N40: https://kcsr.ba/file/kcsr4/262 | P40: Administrativni postupci
A41: 20 | B41: Pravo na zdravstvenu zaštitu | C41: Ostvarivanje prava od strane lica-korisnika stalne novčane pomoći i lica sa invaliditetom pravo na zdravstvenu zaštitu ( pod uslovom da ga ne mogu ostvariti po drugom osnovu). | D41: Predškolska dob | E41: Socijalna zaštita | F41: Kantonalni centar za socijalni rad | G41: Gatačka 80, Sarajevo | H41: https://kcsr.ba/ | I41: 38733723635 | J41: mirsada@kcsr.ba | K41: Zakon o osnovama socijalne zaštite zaštite civilnih žrtava rata i zaštite porodice sa djecom Federacije BiH Zakon o socijalnoj zaštiti, zaštiti civilnih žrtava rata i zaštiti porodice sa djecom Kantona Sarajevo | L41: (prema mjestu prebivališta podnosioca zahtjeva) | M41: https://kcsr.ba/file/kcsr7/264 | N41: https://kcsr.ba/file/kcsr7/264 | P41: Administrativni postupci
A42: 21 | B42: Priznavanje statusa roditelja njegovatelja | C42: Priznavanje statusa roditelja njegovatelja | D42: Predškolska dob | E42: Socijalna zaštita | F42: Kantonalni centar za socijalni rad | G42: Gatačka 80, Sarajevo | H42: https://kcsr.ba/ | I42: 38733723635 | J42: mirsada@kcsr.ba | K42: Zakon o roditeljima njegovateljima u Federaciji BiH | L42: Da bi neko ostvario status roditelja njegovatelja te po osnovu statusa pravo na materijalnu podršku u vidu mjesečne naknade i pripadajućih doprinosa, potrebno je da podnese zahtjev (obrazac Zahtjeva se nalazi na Web stranici JU „Kantonalni Centar za socijalni rad u poglavlju Obrazci pod rednim brojem KCSR 23... ) Službi socijalne zaštite općine na čijem području ima posljednje prebivalište/ boravište. Podnosioci su dužni uz zahtjev priložiti dokaze navedene u Obrazcu zahtjeva. Pored toga, osobe koje ostvare pravo na status roditelja njegovatelja i po osnovu statusa pravo na materijalnu podršku, a koje imaju status rezidenta Federacije BiH i po osnovu statusa žele ostvariti pravo na osnovni lični odbitak i odbitke po osnovu izdržavanja članova uže porodice i po osnovu svog invaliditeta i invaliditeta članova porodice koje izdržavaju, moraju kod Porezne uprave Federacije pribaviti svoju poreznu karticu. | M42: https://kcsr.ba/file/kcsr-23/349 | N42: http://obrasci.pufbih.ba/images/stories/dohodak_docs/NoviObrazacPK1001hrv.pdf | P42: Administrativni postupci
A43: 33 | B43: Usluge centara za prevenciju | C43: Logopedi, defektolozi | D43: Predškolska dob | E43: Zdravstvena zaštita | K43: Zakon o osnovama socijalne zaštite, zaštite civilnih žrtava rata i zaštite porodice s djecom, Član 88: Zaštita porodice sa djecom ima za cilj: da se osiguraju svoj djeci približno jednaki uvjeti za zdrav i pravilan tjelesni, intelektualni i emocionalni razvoj u porodici, pomoć u ostvarivanju njene reproduktivne uloge, njezi, podizanju, odgoju i zaštiti djece i poboljšanju kvaliteta života porodice, razvijanje humanih odnosa u skladu sa načelima građanskog morala i solidarnosti. Djetetu bez oba ili jednog roditelja, porodici koja ima dijete ometeno u fizičkom ili psihičkom razvoju i porodici u kojoj su oba ili jedan roditelj invalidi, osiguravaju se povoljniji uvjeti u sticanju i ostvarivanju prava i veći iznosi materijalnih i drugih davanja utvrđenih ovim zakonom i propisom kantona. | P43: Diskrecione usluge
A44: 49 | B44: Ugradnja inzulinske pumpice | C44: Osigurana lica - djeca do 18 godina, inzuloovisnici, na prijedlog tima za inzulinske pumpe pedijatrijske klinike, a uz odobrenje komisije Zavoda, mogu ostvariti pravo na inzulinsku pumpu. Uz inzulinsku pumpu obezbješuje se potrošni materijal: | D44: Predškolska dob | E44: Zdravstvena zaštita | F44: Zavod zdravstvenog osiguranja KS | K44: Uredba o obimu, uvjetima i načiu ostvarivanja prava osiguranih lica na korištenje ortopedskih i drugih pomagala, endoproteza, stomatološko protetske pomoći i stomatološko - protetskih nadomjestaka https://www.kzzosa.ba/wp-content/uploads/2023/08/Odluka_o_visini_ucesca_ZZO_KS_u_cijeni_medicinskih_sredstava-1.pdf | P44: Diskrecione usluge
A45: 50 | B45: Uvećani dječiji doplatak | C45: Ako je neki član porodice lice sa invaliditetom, djeca imaju pravo na uvećani dječiji dodatak. Zakonom nije predviđen imovinski cenzus. Obratiti se nadležnoj službi u općini stanovanja, popuniti zahtjev i priložiti tražene dokumente. | D45: Predškolska dob | E45: Socijalna zaštita | F45: Općine | P45: Diskrecione usluge
A46: 53 | B46: Pravo na penziju | C46: Osoba sa teškoćama u razvoju (nesposobnost za samostalan život, nesposobnost za privređivanje) ima pravo na penziju roditelja. | D46: Predškolska dob | E46: Socijalna zaštita | K46: Član 73 (Uslovi za porodičnu penziju djeteta) (1) Dijete ima pravo na porodičnu penziju do navršenih 15 godina života. (2) Poslije navršenih 15 godina života, dijete ima pravo na porodičnu penziju do završetka redovnog školovanja, ali najkasnije do navršenih 26 godina života. (3) Redovnim školovanjem, u smislu ovog zakona, ne smatra se školovanje u školi istog ili nižeg stepena obrazovanja od škole koju je dijete završilo. (4) Dijete kod koga nastupi nesposobnost za samostalan život i rad prije 15. godine života ima pravo na porodičnu penziju dok ta nesposobnost traje. (5) Dijete kod koga nesposobnost za privređivanje nastupi poslije 15. godine života, a prije smrti osiguranika odnosno korisnika penzije ima pravo na porodičnu penziju ako ga je osiguranik odnosno korisnik penzije izdržavao do svoje smrti. (6) Dijete kod koga u toku korištenja prava na porodičnu penziju nastupi nesposobnost za samostalan život i rad ili nesposobnost za privređivanje zadržava pravo na penziju dok ta nesposobnost traje. (7) Nesposobnost za samostalan život i rad postoji kada se lice zbog vrste i težine fizičkog ili mentalnog oštećenja ili vrste i težine psihičke bolesti ne može osposobiti za obavljanje najjednostavnijih poslova. | P46: Neinstitucionalizirana prava
A47: 31 | B47: Ambulanta "Sve na jednom mjestu" za djecu i osobe s poteškoćama u razvoju | C47: Dodatna ambulanta nije namijenjena za prehlade, upale grla i sl. Nego, ukoliko dijete ili osoba sa teškoćama u razvoju treba istovremeno preglede, odnosno nalaze, kao što su vađenje krvi, EKG, RTG pluća, pedijatrijski pregled ili mišljenje anesteziologa. | D47: Predškolska dob | E47: Zdravstvena zaštita | F47: Opća bolnica "Prim.dr. Abdulah Nakaš" | G47: Kranjčevićeva 12, Sarajevo | I47: 38733285261 | L47: Naručivanje u ambulanti. | P47: Diskrecione usluge
A48: 34 | B48: Jednokratna novčana pomoć za invalidna lica | C48: Općina Ilidža: Općinski načelnik dodjeljuje jednokratnu novčanu pomoć osobama sa invaliditetom sa posebnim potrebama koje su u socijalnoj potrebi. | D48: Predškolska dob | E48: Socijalna zaštita | F48: Općina Ilidža | G48: Butmirska cesta 12, prvi sprat | H48: https://www.opcinailidza.ba/services/sluzba-za-socijalna-pitanja-zdravstvo-izbjeglice-i-raseljena-lica | I48: 387733637384 | J48: sejda.topalovic@opcinailidza.ba | K48: Pomoć se dodjeljuje kontinuirano posljednjih 10 godina | L48: Dodjela se vrši na osnovu evidencija Službe, a upis u evidenciju može se izvršti i na način da se dostavi dokumentacija Službi za socijalna pitanja, zdravstvo, izbjeglice i raseljena lica Općine Ilidža na adresi Butmirska cesta 12, -prvi sprat | M48: CIPS-ova prijava mjesta boravka Rješenje koje je doneseno u skladu Pravilnikom o utvrđivanju preostale sposobnosti i razvrstavanju djece i omladine ometene u psiho-fizičkom razvoju ("Službene novine Kantona Sarajevo" br. 26/08 i 5/12), odnsono medicinskom dokumentacijom za djecu oboljelu od od karcinoma, šećerne bolesti, leukemije, TBC i celijakije | N48: ZAHTJEV ZA PRIZNAVANJE PRAVA NA JEDNOKRATNU NOVČANU POMOĆ I SUFINANSIRANJE MEDICINSKI POTPOMOGNUTE OPLODNJE.pdf (opcinailidza.ba) | P48: Diskrecione usluge
A49: 36 | B49: Jednokratna novčana pomoć za teško bolesne osobe i umjetnu oplodnju | C49: Novčana pomoć za teško oboljela lica sa područja općine Ilidža kojima je potrebno plaćanje troškova liječenja u zemlji i/ili inostranstvu. | D49: Predškolska dob | E49: Zdravstvena zaštita | F49: Općina Ilidža | G49: Butmirska cesta 12, prvi sprat | H49: ZAHTJEV ZA PRIZNAVANJE PRAVA NA JEDNOKRATNU NOVČANU POMOĆ I SUFINANSIRANJE MEDICINSKI POTPOMOGNUTE OPLODNJE.pdf (opcinailidza.ba) | I49: 387733637384 | J49: sejda.topalovic@opcinailidza.ba | K49: Za rješavanje zahtjeva nadležna je Komisija koju čine ljekari različitih specijalnosti | L49: ZAHTJEV ZA PRIZNAVANJE PRAVA NA JEDNOKRATNU NOVČANU POMOĆ I SUFINANSIRANJE MEDICINSKI POTPOMOGNUTE OPLODNJE.pdf (opcinailidza.ba) | M49: ZAHTJEV ZA PRIZNAVANJE PRAVA NA JEDNOKRATNU NOVČANU POMOĆ I SUFINANSIRANJE MEDICINSKI POTPOMOGNUTE OPLODNJE.pdf (opcinailidza.ba) | N49: ZAHTJEV ZA PRIZNAVANJE PRAVA NA JEDNOKRATNU NOVČANU POMOĆ I SUFINANSIRANJE MEDICINSKI POTPOMOGNUTE OPLODNJE.pdf (opcinailidza.ba) | P49: Diskrecione usluge
A50: 39 | B50: Osnovna dijagnostika | C50: Osobe s invaliditetom imaju pravo na besplatnu osnovnu dijagnostiku na KCUS-u i Domovizma zdravlja KS. | D50: Predškolska dob | E50: Zdravstvena zaštita | F50: Klinički centar Univerziteta u Sarajevu i Domovi zdravlja Kantona Sarajevo | P50: Diskrecione usluge
A51: 40 | B51: Osnovni paket fiksne telefonije - socijalni | C51: Pravo na Socijalni paket ostvaruju: porodice palog borca, ratni vojni invalidi sa 100% invalidnosti, slijepa lica i kategorije, lica oboljela od distrofije i srodnih bolesti, paraplegičari, oboljeli od dječje ili cerebralne paralize i multiple skleroze i korisnici stalne novčane pomoći, u smislu zakona o osnovama socijalne zaštite, zaštite civilnih žrtava rata i zaštite porodica sa djecom i odgovarajućih kantonalnih pozitivnih propisa u FBiH, kojima se uređuje ova oblast. | D51: Predškolska dob | E51: Kultura i sport | F51: BH Telecom | G51: Zmaja od Bosne 88 | H51: https://mojwebshop.bhtelecom.ba/INTERSHOP/web/BOS/BHTelecomWebShop-BHTelecom-Site/bs_BA/-/BAM/ViewProduct-Start?SKU=100003 | I51: 38733653093 | P51: Diskrecione usluge
A52: 41 | B52: Porez na dohodak, umanjenje poreza na zaposlene osobe sa invaliditetom | C52: Zaposlene osobe s invaliditetom imaju pravo na osnovni lični odbitak i umanjenje porezne osnovice po osnovu izdražavanja članova uže porodice i /ili po osnovu eventualne invalidnosti tih članova ili samog poreznog obveznika. Rezidentni porezni obveznici mogu odbiti i lični odbitak: 0,3 osnovnog ličnog odbitka iz stava (1) člana 24 za utvrđenu vlastitu invalidnost, kao i za utvrđenu invalidnost svakog člana uže porodice koje porezni obveznik izdržava. | D52: Predškolska dob | E52: Poreske olakšice | F52: Poreska uprava Općine | K52: Zakn o porezu na dohodak FBiH | M52: Kopija lične karte Vjenčani list; Rodni list; Dokaz o visini prihoda izdržavanog lica; Uvjerenje o zajedničkom domaćinstvu; Rješenje nadležnog organa sa utvrđenim tjelesnim oštećenjem i stepena invaliditeta | P52: Diskrecione usluge
A53: 42 | B53: Posebna ishrana | D53: Predškolska dob | E53: Zdravstvena zaštita | F53: Zavod zdravstvenog osiguranja KS | P53: Diskrecione usluge
A54: 52 | B54: Pravo na kućnu njegu | C54: Osoba može dobiti pomoć i njegu u kući ako ispunjava sljedeće uvjete: - Nije već dobila novčanu naknadu za pomoć i njegu od drugog. - Nema mogućnost da pomoć i njegu osiguraju roditelji, bračni partner ili djeca. - Nema mogućnost osiguranja pomoći i njege putem ugovora o doživotnom izdržavanju. - Prihod njezina kućanstva ne prelazi 30% prosječne plaće. | D54: Predškolska dob | E54: Socijalna zaštita | H54: Moze li neko provjeriti u: Usluga dnevnog ili poludnevnog boravka u Centar za dnevni boravak – Gerontološki centar , u prvom sheetu | K54: Član 60 Pomoć i njega u kući može se odobriti osobi kojoj je zbog tjelesnog ili mentalnog oštećenja ili trajnih promjena u zdravstvenom stanju ili starosti prijeko potrebna pomoć i njega druge osobe pod uvjetom: - da nije ostvarila pravo na novčanu naknadu za pomoć i njegu od strane druge osobe; - da nema mogućnosti da joj pomoć i njegu osiguraju roditelji, bračni drug i djeca; - da nema mogućnosti da pomoć i njegu osigura na temelju ugovora o doživotnom izdržavanju; - da prihod po članu domaćinstva ne prelazi 30% prosječne plaće. Potrebu za pomoć i njegu u kući utvrđuje Stručna institucija. | P54: Neinstitucionalizirana prava
A55: 58 | B55: Pravo roditelja njegovatelja na osiguranje | C55: Roditelji staratelji imaju isti status osiguranja kao i zaposleni pojedinci. | D55: Predškolska dob | E55: Rad i zapošljavanje | K55: Član 11. (Naknada i doprinosi) (1) Roditelj njegovatelj ima pravo na mjesečnu naknadu u visini iznosa neto najniže plaće u Federaciji Bosne i Hercegovine u skladu sa Zakonom o radu ("Službene novine Federacije BiH", br. 26/16 i 89/18), na koju se uplaćuju doprinosi za penzijsko i invalidsko osiguranje, zdravstveno osiguranje i osiguranje za vrijeme nezaposlenosti. | P55: Neinstitucionalizirana prava
A56: 59 | B56: Pravo roditelja njegovatelja na pokrivanje troškova sahrane/dženaze | C56: Roditelji staratelji dobijaju troškove sahrane za preminulu osobu sa invaliditetom, slično kao i federalni službenici. Roditelju lica s invaliditetom može se priznati status roditelja njegovatelja ukoliko je nazaposlen i prijavljen na evidenciji nadležne službe za zapošljavanje. Status roditelja njegovatelja priznaje se jednom od roditelja lica s invaliditetom sa 100% oštećenjem organizma i pravom na dodatak za njegu i pomoć od drugog lica. | D56: Predškolska dob | E56: Socijalna zaštita | K56: Član 11. (Naknada i doprinosi) (4) U slučaju smrti lica sa invaliditetom, roditelj njegovatelj ostvaruje pravo na naknadu troškova ukopa – sahrane umrlog lica na isti način kako je to, drugim zakonima, regulisano za zaposlenike federalnih organa. | P56: Neinstitucionalizirana prava
A57: 60 | B57: Prednost u primanju usluga u zdravstvenom i drugim institucijama | D57: Predškolska dob | E57: Zdravstvena zaštita | P57: Neinstitucionalizirana prava
A58: 11 | B58: Novčana pomoć i upućivanje na dijagnostiku i liječenje djece | C58: Pravo na liječenje/dijagnostiku na teret ZZO KS, odnosno refundaciju troškova liječenja/dijagnostike izvan Kantona Sarajevo (odobravanje sredstava do 60.000KM) | D58: Predškolska dob | E58: Zdravstvena zaštita | F58: Zavod zdravstvenog osiguranja Kantona Sarajevo | G58: Ložionička 2, 71000 Sarajevo, Bosna i Hercegovina | H58: https://www.kzzosa.ba/ | I58: 38733725207 | J58: info@kzzosa.ba | K58: Odluka o utvrđivanju programa za dijagnostiku i liječenje teško oboljele djece | L58: Zahtjev za refundaciju troškova, odnosno za plaćanje troškova po izdatom predračunu, se dostavlja ZZO KS (odlučuje posebna komisija). Uz zahtjev se dostavlja medicinska dokumentacija iz koje se može cijeniti oboljenje, te utvrditi da se u ugovornim ustanovama KS usluga ne može pružiti, originalni račun ili predračun, potvrda prebivališta. Pravo se ne odnosi na listu oboljenja koja finansira Fond solidarnosti pri Zavodu zdravstvenog osiguranja i reosiguranja FBiH | P58: Administrativni postupci
A59: 12 | B59: Novčana pomoć za nabavku GPS narukvica | C59: Pravo na dodjelu novčane pomoći ostvaruju djeca/osobe sa poteškoćama u razvoju/invaliditetom, težim i teškim intelektualnim poteškoćama sa područja Općine Novi Grad Sarajevo, na osnovu dostavljene medicinske dokumentacije koju daje izabrani doktor/specijalista, na osnovu koje je utvrđena potreba za medicinskim pomagalom, kao i druga dokumetacija kojom se dokazuje potreba za korištenje istog. | D59: Predškolska dob | E59: Zdravstvena zaštita | F59: Općina Novi Grad Sarajevo | G59: Bulevar Meše Selimovića 97 71000 Sarajevo, BiH | H59: https://www.novigradsarajevo.ba | I59: 38733291190 | J59: adisasuman@novigradsarajevo.ba | K59: Tekući transferi, na osnovu Zakona o principima lokalne samouprave u Federaciji Bosne i Hercegovine (“Službene novine Federacije Bosne i Hercegovine” broj: 49/06 i 51/09), člana 9. i 15. Odluke o organizaciji jedinstvenog općinskog organa uprave Općine Novi Grad Sarajevo (“Službene novine Kantona Sarajevo” broj 6/17), Budžeta Općine Novi Grad Sarajevo za 2023. godinu („Službene novine Kantona Sarajevo“, broj: 2/23) | L59: Zahtjev prema općini | M59: zahtjev dostavljen putem protokola Općine Novi Grad Sarajevo, prijave mjesta prebivališta – na uvid, dokumentacije koju daje izabrani doktor/specijalista na osnovu koje je utvrđena potreba za medicinskim pomagalom, kao i druga dokumetacija kojom se dokazuje potreba za korištenje istog, predračun za nabavku GPS narukvice, po potrebi i drugi dokazi iz kojih je vidljiva opravdanost zahtjeva, izjava o saglasnosti za obradu ličnih podataka u vezi sa predmetnim zahtjevom. | N59: https://www.novigradsarajevo.ba/news/invitation/j-a-v-n-i-p-o-z-i-v-o-dodjeli-novcane-pomoci-za-nabavku-gps-narukvica-djeci-osobama-sa-poteskocama-u-razvoju-invaliditetom-sa-podrucja-opcine-novi-grad-sarajevo/#:~:text=Ostvarivanje%20prava%20na%20nov%C4%8Danu%20pomo%C4%87%20za%20nabavku%20GPS,maksimalnom%20iznosu%20do%20350%2C00%20KM%2C%20po%20dostavljenom%20predra%C4%8Dunu. | O59: Transferi, samo na općini Novi Grad Sarajevo | P59: Administrativni postupci
A60: 29 | B60: Sufinansiranje troškova prijevoza djece sa poteškoćama u kretanju | C60: Općina Ilidža sufinansira prijevoz djece s poteškoćama u kretanju. Trenutni korisnici ovog vida podrške su učenici i njihovi pratioci koji pohađaju Centar za odgoj, obrazovanje i rehabilitaciju "Vladimir Nazor", Centar za slušnu i govornu rehabilitaciju, Centar za slijepu i slabovidnu djecu i omladinu, Škola za srednje stručno obrazovanje i radno osposobljavanje i Zavod za specijalno obrazovanje i odgoj djece "Mjedenica". | D60: Predškolska dob | E60: Obrazovanje | F60: Općina Ilidža | G60: Butmirska cesta 12,71210 Ilidža, Bosna i Hercegovina | H60: https://www.opcinailidza.ba/ | I60: 38733775723 | J60: Edina.Icindic@opcinailidza.ba | K60: Na osnovu Instrukcije Minstarstva saobraćaja KS broj: 04-11-28646-2-2/21 KM od 6. 8. 2021. godine učenicima koji za prijevoz koriste putnički automobil pripada naknada u visini 15% cijene litre benzina BMB 95 na teritoriji Bosne i Hercegovine po pređenom kilometru na relaciji od lokacije stanovanja do obrazovne ustanove koju pohađa i nazad u dane kada putuje na nastavne aktivnosti. Naknada za učenike i pratioce koji koriste javni prijevoz obračunava se visini cijene prijevozne karte iz putničke tarife za prijevoz sredstvom javnog linijskog prijevoza putnika na području KS koji mogu upotrijebiti na relaciji od lokacije stanovanja do obrazovne ustanove koju učenik/ca pohađa i nazad. | L60: Zahtjev prema općini na osnovu kojeg se provodi postupak | M60: potvrda o upisu učenika u školu/centar • potvrda škole da nema osiguran prijevoz • Cips prijava učenika i roditelja-pratioca • medicinska dokumentacija • saobraćajna dozvola -automibil kojim se učenik prevozi • ovjerena izjava o udaljenosti od mjesta stanovanja do škole • broj transakcijskog računa | N60: https://www.opcinailidza.ba/uploads/files/shares/Elektronski_formulari/sl_obraz/zahtjev%20za%20sno%C5%A1enje%20tro%C5%A1kova%20prijevoza.pdf | P60: Administrativni postupci
A61: 48 | B61: Subvencija za djecu istih roditelja - oslobađanje plaćanja vrtića za braću i sestre djeteta sa poteškoćama u razvoju | C61: Djeca koja su braća/sestre djeteta sa poteškoćama u razvoju imaju pravo na subvenciju troškova vrtića. | D61: Predškolska dob | E61: Obrazovanje | F61: Općinski nivo | P61: Diskrecione usluge
A62: 47 | B62: Pružanje oralno-hirurških i stomatoloških usluga za djecu sa poteškoćama u razvoju | C62: Na Stomatološkom fakultetu u Sarajevu djeci s poteškoćama u razvoju pružaju se besplatne oralnohirurške i stomatološke usluge, ako je potrebno i pod općom anestezijom. . | D62: Predškolska dob | E62: Zdravstvena zaštita | F62: Stomatološki fakultet u Sarajevu | G62: Bolnička 4, Sarajevo | H62: https://sf.unsa.ba/pruzanje-oralno-hirurskih-i-stomatoloskih-usluga-za-djecu-sa-poteskocama-u-razvoju/ | I62: 38733214249 | M62: https://sf.unsa.ba/pruzanje-oralno-hirurskih-i-stomatoloskih-usluga-za-djecu-sa-poteskocama-u-razvoju/ | N62: https://sf.unsa.ba/pruzanje-oralno-hirurskih-i-stomatoloskih-usluga-za-djecu-sa-poteskocama-u-razvoju/ | P62: Diskrecione usluge
A63: 24 | B63: Smještaj u hospis | C63: Zbrinjavanje teško oboljelih u zdravstveno-socijalnoj ustanovi | D63: Predškolska dob | E63: Zdravstvena zaštita | F63: Zavod zdravstveno osiguranja Kantona Sarajevo | G63: Ložionička 2, 71000 Sarajevo, Bosna i Hercegovina | H63: https://www.kzzosa.ba/ | I63: 38733725207 | J63: info@kzzosa.ba | K63: Ugovor sa zdravstveno-socijalnom ustanovom | L63: Porodični ljekari, prema kriterijumima utvrđenim od Ministarstva zdravstva KS, pacijenta u terminalnoj fazi bolesti upućuje u zdravstveno-socijalnu ustanovu na odgovarajuću skrb (medicinska i psihološka podrška) | P63: Administrativni postupci
A64: 22 | B64: Refundacija troškova lijekova i liječenja | C64: Pravo na refundiranje troškova lijekova, medicinskih sredstava i liječenja koji nisu obuhvaćeni obaveznim zdravstvenim osiguranjem (odobravanje sredstava do 20.000KM) | D64: Radni vijek | E64: Zdravstvena zaštita | F64: Zavod zdravstvenog osiguranja Kantona Sarajevo | G64: Ložionička 2, 71000 Sarajevo, Bosna i Hercegovina | H64: https://www.kzzosa.ba/ | I64: 38733725207 | J64: info@kzzosa.ba | K64: Pravilnik o načinu ostvarivanja prava iz obaveznog zdravstvenog osiguranja ("Sl.novine FBiH" br 31/02 i 20/19) i odluke ZZOKS | L64: Zahtjev za refundaciju troškova lijeka, medicinskog sredstva ili liječenja koji nisu obuhvaćenim obaveznim zdravstvenim osiguranjem, a preporučeni su pacijentu, podnosi se ZZO KS (odlučuje posebna komisija). Uz zahtjev se dostavlja medicinska dokumentacija kojom je preporučeno lijek, liječenje ili medicinsko sredstvo, potvrda o prebivalištu i originalni račun o plaćenom lijeku, liječenju ili medicinskom sredstvu. | P64: Administrativni postupci
A65: 4 | B65: Jednokratna novčana pomoć licima i domaćinstvima sa područja općine Novo Sarajevo | C65: Jednokratna novčana pomoć licima i domaćinstvima sa područja općine Novo Sarajevo samo za osobe za prebivalištem u Općini Novo Sarajevo | D65: Radni vijek | E65: Socijalna zaštita | F65: Općina Novo Sarajevo | G65: Zmaja od Bosne 55, 71000 Sarajevo, Bosna i Hercegovina | H65: https://novosarajevo.ba/ | I65: 38733492125 | J65: socijalna.pitanja@novosarajevo.ba | K65: Odluka o uslovima, načinu, kriterijima i iznosu sredstava za dodjelu jednokratne novčane pomoći licima i domaćinstvima sa područja općine Novo Sarajevo ("Službene novine Kantona Sarajevo", broj: 19/21 i 19/22) | L65: Zahtjev se predaje Službi za socijalna pitanja, zdravstvo, izbjeglice i raseljena lica na propisanom obrascu, na kojem je navedena dokumentacija koju je potrebno priložiti. | M65: izjava - saglasnost za obradu podataka potvrda prijave mjesta prebivališta-boravišta (CIPS) za sve članove domaćinstva potvrda mjesne zajednice ili ovjerena kućna lista o broju članova domaćinstva potvrda banke o otvorenom žiro-računu preporuke stručnog lica medicinske struke original računi i dokaz o participaciji od Zavoda zdravstvenog osiguranja KS pravosnažno Rješenje ili uvjerenje JU "Centar za socijalni rad" dokaz o primanjima za sve članove domaćinstva ili potvrda o redovnom školovanju uvjerenje iz JU "Centar za socijalni rad" da li je njihov korisnik po bilo kom osnovu, za sve članove domaćinstva uvjerenje Porezne uprave, za sve članove domaćinstva | N65: https://novosarajevo.ba/userfiles/doc/files/Odluka_o_uslovima.pdf | O65: Zahtjevi se podnose tokom čitave godine, ali se pravo ostvaruje jednom u toku kalendarske godine | P65: Administrativni postupci
A66: 7 | B66: Kupovina lijekova po posebnim protokolima | C66: Pravo na liječenje rijetkih i teških oboljenja po posebnim protokolima (reumatoidini artritis, juvenilni idiopatski artritis, enteralna prehrana, bezglutensko brašno za oboljele od celijaklije) | D66: Radni vijek | E66: Zdravstvena zaštita | F66: Zavod zdravstvenog osiguranja Kantona Sarajevo/zdravstvene ustanove | G66: Ložionička 2, 71000 Sarajevo, Bosna i Hercegovina | H66: https://www.kzzosa.ba/ | I66: 38733725207 | J66: info@kzzosa.ba | K66: Posebni protokoli (zaključuju se na godišnjem nivou, dostupni na stranici Zavoda, rubrika Javnost rada) | L66: Ovlašteni ljekari (posebno utvrđeni po svakom protokolu) predlažu, a u odnosu na raspoloživa sredstva, komisija odobrava. Zdravstvena ustanova u kojoj su propisivači direktno podnosi zahtjev za uključivanjem pacijenta, a nakon odobrenja, na osnovu propisanog recepta pacijent ostvaruje pravo na lijek/sredstvo u apotekama ili neposredno u zdravstvenim ustanovama (ukoliko se po prirodi protokola liječenja, lijek aplicira samo u bolničkim uslovima) | P66: Administrativni postupci
A67: 8 | B67: Medicinska rehabilitacija/banjsko liječenje kao produženo bolničko liječenje | C67: Pravo na medicinsku rehabilitaciju u ugovornim banjama | D67: Radni vijek | E67: Zdravstvena zaštita | F67: Zavod zdravstvenog osiguranja Kantona Sarajevo | G67: Ložionička 2, 71000 Sarajevo, Bosna i Hercegovina | H67: https://www.kzzosa.ba/ | I67: 38733725207 | J67: info@kzzosa.ba | K67: Odluka o utvrđivanju osnovnog paketa zdravstvenih prava ("Sl.novine FBiH" br. 21/09) | L67: Ovlašteni ljekar/propisivač (neurolog, kardiolog itd) izdaju preporuku za medicinsku rehabilitaciju, koja se ovjerava u ZZO KS i osiguranik upućuje na medicinsku rehabilitaciju do 21 dana | P67: Administrativni postupci
A68: 9 | B68: Medicinska sredstva - ortopedska pomagala | C68: Pravo na medicinska sredstva/ortopedska pomagala za osiguranike u Kantonu Sarajevo | D68: Radni vijek | E68: Zdravstvena zaštita | F68: Zavod zdravstvenog osiguranja Kantona Sarajevo | G68: Ložionička 2, 71000 Sarajevo, Bosna i Hercegovina | H68: https://www.kzzosa.ba/ | I68: 38733725207 | J68: info@kzzosa.ba | K68: Odluka o obimu, uslovima i načinu ostvarivanja prava osiguranih lica Kantona Sarajevo na medicinska sredstva ("Službene novine Kantona Sarajevo", broj: 22/20, 30/21, 42/22 i 48/22) | L68: Ovlašteni ljekar/propisivač )ljekar porodične medicine, neurolog, dijabetolog itd.) popunjavaju obrazac o pravu na medicinsko sredstvo koji se ovjerava u ZZO KS i nakon toga osiguranik preuzima propisano medicinsko sredstvo u apotekama i/ili specijaliziranim trgovinama za promet medicinskim sredstvima | P68: Administrativni postupci
A69: 15 | B69: Pravo na ličnu invalidninu, dodatak za njegu i pomoć drugog lica i ortopedski dodatak | C69: Licima sa invaliditetom i grupe sa 100% tjelesnog oštećenja i licima sa invaliditetom II grupe sa 90% tjelesnog oštećenja, omogućiti ostvarivanje prava na ličnu invalidninu, dodatak za njegu i pomoć od strane drugog lica i ortopedski dodatak. | D69: Radni vijek | E69: Socijalna zaštita | F69: Kantonalni centar za socijalni rad | G69: Gatačka 80, Sarajevo | H69: https://kcsr.ba/ | I69: 38733723635 | J69: mirsada@kcsr.ba | K69: Zakon o osnovama socijalne zaštite zaštite civilnih žrtava rata i zaštite porodice sa djecom Federacije BiH Zakon o socijalnoj zaštiti, zaštiti civilnih žrtava rata i zaštiti porodice sa djecom Kantona Sarajevo | L69: (uvjerenje se pribavlja u općini prebivališta /boravišta podnosioca zahtjeva) (uvjerenje se pribavlja u općini prebivališta podnosioca zahtjeva) | M69: https://kcsr.ba/file/kcsr13/268 | N69: https://kcsr.ba/file/kcsr13/268 | P69: Administrativni postupci
A70: 19 | B70: Pravo na stalnu novčanu pomoć | C70: Ostvarivanje prava na materijalnu pomoć licima nesposobnim za rad, bez sredstava za život i srodnika koji su po Zakonu obavezni na izdržavanje. | D70: Radni vijek | E70: Socijalna zaštita | F70: Kantonalni centar za socijalni rad | G70: Gatačka 80, Sarajevo | H70: https://kcsr.ba/ | I70: 38733723635 | J70: mirsada@kcsr.ba | K70: Zakon o osnovama socijalne zaštite zaštite civilnih žrtava rata i zaštite porodice sa djecom Federacije BiH Zakon o socijalnoj zaštiti, zaštiti civilnih žrtava rata i zaštiti porodice sa djecom Kantona Sarajevo | L70: (matični ured prema mjestu rodjenja maloljetne osobe) (dokaz o primanjima – potvrda o visini ličnog dohotka, potvrda službe za zapošljavanje, potvrda PIO, potvrda škole/fakulteta) (nadležna je općina prebivališta članova domaćinstva) (dokaz o kvadraturi stambenog prostora -utvrdjuje se od strane stručnih radnika -na terenu – općine koja vodi postupak po osnovu zahtjeva) (nadležna je služba općine za obavljanje poslova iz oblasti zaštite civilnih žrtava rata i zaštite porodice sa djecom) (matični ured prema mjestu rodjenja maloljetne osobe) (nadležna je općina prebivališta članova domaćinstva) (Prema prebivalištu podnosioca zahtjeva) | M70: https://kcsr.ba/file/kcsr4/262 | N70: https://kcsr.ba/file/kcsr4/262 | P70: Administrativni postupci
A71: 20 | B71: Pravo na zdravstvenu zaštitu | C71: Ostvarivanje prava od strane lica-korisnika stalne novčane pomoći i lica sa invaliditetom pravo na zdravstvenu zaštitu ( pod uslovom da ga ne mogu ostvariti po drugom osnovu). | D71: Radni vijek | E71: Socijalna zaštita | F71: Kantonalni centar za socijalni rad | G71: Gatačka 80, Sarajevo | H71: https://kcsr.ba/ | I71: 38733723635 | J71: mirsada@kcsr.ba | K71: Zakon o osnovama socijalne zaštite zaštite civilnih žrtava rata i zaštite porodice sa djecom Federacije BiH Zakon o socijalnoj zaštiti, zaštiti civilnih žrtava rata i zaštiti porodice sa djecom Kantona Sarajevo | L71: (prema mjestu prebivališta podnosioca zahtjeva) | M71: https://kcsr.ba/file/kcsr7/264 | N71: https://kcsr.ba/file/kcsr7/264 | P71: Administrativni postupci
A72: 21 | B72: Priznavanje statusa roditelja njegovatelja | C72: Priznavanje statusa roditelja njegovatelja | D72: Radni vijek | E72: Socijalna zaštita | F72: Kantonalni centar za socijalni rad | G72: Gatačka 80, Sarajevo | H72: https://kcsr.ba/ | I72: 38733723635 | J72: mirsada@kcsr.ba | K72: Zakon o roditeljima njegovateljima u Federaciji BiH | L72: Da bi neko ostvario status roditelja njegovatelja te po osnovu statusa pravo na materijalnu podršku u vidu mjesečne naknade i pripadajućih doprinosa, potrebno je da podnese zahtjev (obrazac Zahtjeva se nalazi na Web stranici JU „Kantonalni Centar za socijalni rad u poglavlju Obrazci pod rednim brojem KCSR 23... ) Službi socijalne zaštite općine na čijem području ima posljednje prebivalište/ boravište. Podnosioci su dužni uz zahtjev priložiti dokaze navedene u Obrazcu zahtjeva. Pored toga, osobe koje ostvare pravo na status roditelja njegovatelja i po osnovu statusa pravo na materijalnu podršku, a koje imaju status rezidenta Federacije BiH i po osnovu statusa žele ostvariti pravo na osnovni lični odbitak i odbitke po osnovu izdržavanja članova uže porodice i po osnovu svog invaliditeta i invaliditeta članova porodice koje izdržavaju, moraju kod Porezne uprave Federacije pribaviti svoju poreznu karticu. | M72: https://kcsr.ba/file/kcsr-23/349 | N72: http://obrasci.pufbih.ba/images/stories/dohodak_docs/NoviObrazacPK1001hrv.pdf | P72: Administrativni postupci
A73: 53 | B73: Pravo na penziju | C73: Osoba sa teškoćama u razvoju (nesposobnost za samostalan život, nesposobnost za privređivanje) ima pravo na penziju roditelja. | D73: Radni vijek | E73: Socijalna zaštita | K73: Član 73 (Uslovi za porodičnu penziju djeteta) (1) Dijete ima pravo na porodičnu penziju do navršenih 15 godina života. (2) Poslije navršenih 15 godina života, dijete ima pravo na porodičnu penziju do završetka redovnog školovanja, ali najkasnije do navršenih 26 godina života. (3) Redovnim školovanjem, u smislu ovog zakona, ne smatra se školovanje u školi istog ili nižeg stepena obrazovanja od škole koju je dijete završilo. (4) Dijete kod koga nastupi nesposobnost za samostalan život i rad prije 15. godine života ima pravo na porodičnu penziju dok ta nesposobnost traje. (5) Dijete kod koga nesposobnost za privređivanje nastupi poslije 15. godine života, a prije smrti osiguranika odnosno korisnika penzije ima pravo na porodičnu penziju ako ga je osiguranik odnosno korisnik penzije izdržavao do svoje smrti. (6) Dijete kod koga u toku korištenja prava na porodičnu penziju nastupi nesposobnost za samostalan život i rad ili nesposobnost za privređivanje zadržava pravo na penziju dok ta nesposobnost traje. (7) Nesposobnost za samostalan život i rad postoji kada se lice zbog vrste i težine fizičkog ili mentalnog oštećenja ili vrste i težine psihičke bolesti ne može osposobiti za obavljanje najjednostavnijih poslova. | P73: Neinstitucionalizirana prava
A74: 31 | B74: Ambulanta "Sve na jednom mjestu" za djecu i osobe s poteškoćama u razvoju | C74: Dodatna ambulanta nije namijenjena za prehlade, upale grla i sl. Nego, ukoliko dijete ili osoba sa teškoćama u razvoju treba istovremeno preglede, odnosno nalaze, kao što su vađenje krvi, EKG, RTG pluća, pedijatrijski pregled ili mišljenje anesteziologa. | D74: Radni vijek | E74: Zdravstvena zaštita | F74: Opća bolnica "Prim.dr. Abdulah Nakaš" | G74: Kranjčevićeva 12, Sarajevo | I74: 38733285261 | L74: Naručivanje u ambulanti. | P74: Diskrecione usluge
A75: 34 | B75: Jednokratna novčana pomoć za invalidna lica | C75: Općina Ilidža: Općinski načelnik dodjeljuje jednokratnu novčanu pomoć osobama sa invaliditetom sa posebnim potrebama koje su u socijalnoj potrebi. | D75: Radni vijek | E75: Socijalna zaštita | F75: Općina Ilidža | G75: Butmirska cesta 12, prvi sprat | H75: https://www.opcinailidza.ba/services/sluzba-za-socijalna-pitanja-zdravstvo-izbjeglice-i-raseljena-lica | I75: 387733637384 | J75: sejda.topalovic@opcinailidza.ba | K75: Pomoć se dodjeljuje kontinuirano posljednjih 10 godina | L75: Dodjela se vrši na osnovu evidencija Službe, a upis u evidenciju može se izvršti i na način da se dostavi dokumentacija Službi za socijalna pitanja, zdravstvo, izbjeglice i raseljena lica Općine Ilidža na adresi Butmirska cesta 12, -prvi sprat | M75: CIPS-ova prijava mjesta boravka Rješenje koje je doneseno u skladu Pravilnikom o utvrđivanju preostale sposobnosti i razvrstavanju djece i omladine ometene u psiho-fizičkom razvoju ("Službene novine Kantona Sarajevo" br. 26/08 i 5/12), odnsono medicinskom dokumentacijom za djecu oboljelu od od karcinoma, šećerne bolesti, leukemije, TBC i celijakije | N75: ZAHTJEV ZA PRIZNAVANJE PRAVA NA JEDNOKRATNU NOVČANU POMOĆ I SUFINANSIRANJE MEDICINSKI POTPOMOGNUTE OPLODNJE.pdf (opcinailidza.ba) | P75: Diskrecione usluge
A76: 36 | B76: Jednokratna novčana pomoć za teško bolesne osobe i umjetnu oplodnju | C76: Novčana pomoć za teško oboljela lica sa područja općine Ilidža kojima je potrebno plaćanje troškova liječenja u zemlji i/ili inostranstvu. | D76: Radni vijek | E76: Zdravstvena zaštita | F76: Općina Ilidža | G76: Butmirska cesta 12, prvi sprat | H76: ZAHTJEV ZA PRIZNAVANJE PRAVA NA JEDNOKRATNU NOVČANU POMOĆ I SUFINANSIRANJE MEDICINSKI POTPOMOGNUTE OPLODNJE.pdf (opcinailidza.ba) | I76: 387733637384 | J76: sejda.topalovic@opcinailidza.ba | K76: Za rješavanje zahtjeva nadležna je Komisija koju čine ljekari različitih specijalnosti | L76: ZAHTJEV ZA PRIZNAVANJE PRAVA NA JEDNOKRATNU NOVČANU POMOĆ I SUFINANSIRANJE MEDICINSKI POTPOMOGNUTE OPLODNJE.pdf (opcinailidza.ba) | M76: ZAHTJEV ZA PRIZNAVANJE PRAVA NA JEDNOKRATNU NOVČANU POMOĆ I SUFINANSIRANJE MEDICINSKI POTPOMOGNUTE OPLODNJE.pdf (opcinailidza.ba) | N76: ZAHTJEV ZA PRIZNAVANJE PRAVA NA JEDNOKRATNU NOVČANU POMOĆ I SUFINANSIRANJE MEDICINSKI POTPOMOGNUTE OPLODNJE.pdf (opcinailidza.ba) | P76: Diskrecione usluge
A77: 39 | B77: Osnovna dijagnostika | C77: Osobe s invaliditetom imaju pravo na besplatnu osnovnu dijagnostiku na KCUS-u i Domovizma zdravlja KS. | D77: Radni vijek | E77: Zdravstvena zaštita | F77: Klinički centar Univerziteta u Sarajevu i Domovi zdravlja Kantona Sarajevo | P77: Diskrecione usluge
A78: 40 | B78: Osnovni paket fiksne telefonije - socijalni | C78: Pravo na Socijalni paket ostvaruju: porodice palog borca, ratni vojni invalidi sa 100% invalidnosti, slijepa lica i kategorije, lica oboljela od distrofije i srodnih bolesti, paraplegičari, oboljeli od dječje ili cerebralne paralize i multiple skleroze i korisnici stalne novčane pomoći, u smislu zakona o osnovama socijalne zaštite, zaštite civilnih žrtava rata i zaštite porodica sa djecom i odgovarajućih kantonalnih pozitivnih propisa u FBiH, kojima se uređuje ova oblast. | D78: Radni vijek | E78: Kultura i sport | F78: BH Telecom | G78: Zmaja od Bosne 88 | H78: https://mojwebshop.bhtelecom.ba/INTERSHOP/web/BOS/BHTelecomWebShop-BHTelecom-Site/bs_BA/-/BAM/ViewProduct-Start?SKU=100003 | I78: 38733653093 | P78: Diskrecione usluge
A79: 41 | B79: Porez na dohodak, umanjenje poreza na zaposlene osobe sa invaliditetom | C79: Zaposlene osobe s invaliditetom imaju pravo na osnovni lični odbitak i umanjenje porezne osnovice po osnovu izdražavanja članova uže porodice i /ili po osnovu eventualne invalidnosti tih članova ili samog poreznog obveznika. Rezidentni porezni obveznici mogu odbiti i lični odbitak: 0,3 osnovnog ličnog odbitka iz stava (1) člana 24 za utvrđenu vlastitu invalidnost, kao i za utvrđenu invalidnost svakog člana uže porodice koje porezni obveznik izdržava. | D79: Radni vijek | E79: Poreske olakšice | F79: Poreska uprava Općine | K79: Zakn o porezu na dohodak FBiH | M79: Kopija lične karte Vjenčani list; Rodni list; Dokaz o visini prihoda izdržavanog lica; Uvjerenje o zajedničkom domaćinstvu; Rješenje nadležnog organa sa utvrđenim tjelesnim oštećenjem i stepena invaliditeta | P79: Diskrecione usluge
A80: 42 | B80: Posebna ishrana | D80: Radni vijek | E80: Zdravstvena zaštita | F80: Zavod zdravstvenog osiguranja KS | P80: Diskrecione usluge
A81: 52 | B81: Pravo na kućnu njegu | C81: Osoba može dobiti pomoć i njegu u kući ako ispunjava sljedeće uvjete: - Nije već dobila novčanu naknadu za pomoć i njegu od drugog. - Nema mogućnost da pomoć i njegu osiguraju roditelji, bračni partner ili djeca. - Nema mogućnost osiguranja pomoći i njege putem ugovora o doživotnom izdržavanju. - Prihod njezina kućanstva ne prelazi 30% prosječne plaće. | D81: Radni vijek | E81: Socijalna zaštita | H81: Moze li neko provjeriti u: Usluga dnevnog ili poludnevnog boravka u Centar za dnevni boravak – Gerontološki centar , u prvom sheetu | K81: Član 60 Pomoć i njega u kući može se odobriti osobi kojoj je zbog tjelesnog ili mentalnog oštećenja ili trajnih promjena u zdravstvenom stanju ili starosti prijeko potrebna pomoć i njega druge osobe pod uvjetom: - da nije ostvarila pravo na novčanu naknadu za pomoć i njegu od strane druge osobe; - da nema mogućnosti da joj pomoć i njegu osiguraju roditelji, bračni drug i djeca; - da nema mogućnosti da pomoć i njegu osigura na temelju ugovora o doživotnom izdržavanju; - da prihod po članu domaćinstva ne prelazi 30% prosječne plaće. Potrebu za pomoć i njegu u kući utvrđuje Stručna institucija. | P81: Neinstitucionalizirana prava
A82: 58 | B82: Pravo roditelja njegovatelja na osiguranje | C82: Roditelji staratelji imaju isti status osiguranja kao i zaposleni pojedinci. | D82: Radni vijek | E82: Rad i zapošljavanje | K82: Član 11. (Naknada i doprinosi) (1) Roditelj njegovatelj ima pravo na mjesečnu naknadu u visini iznosa neto najniže plaće u Federaciji Bosne i Hercegovine u skladu sa Zakonom o radu ("Službene novine Federacije BiH", br. 26/16 i 89/18), na koju se uplaćuju doprinosi za penzijsko i invalidsko osiguranje, zdravstveno osiguranje i osiguranje za vrijeme nezaposlenosti. | P82: Neinstitucionalizirana prava
A83: 59 | B83: Pravo roditelja njegovatelja na pokrivanje troškova sahrane/dženaze | C83: Roditelji staratelji dobijaju troškove sahrane za preminulu osobu sa invaliditetom, slično kao i federalni službenici. Roditelju lica s invaliditetom može se priznati status roditelja njegovatelja ukoliko je nazaposlen i prijavljen na evidenciji nadležne službe za zapošljavanje. Status roditelja njegovatelja priznaje se jednom od roditelja lica s invaliditetom sa 100% oštećenjem organizma i pravom na dodatak za njegu i pomoć od drugog lica. | D83: Radni vijek | E83: Socijalna zaštita | K83: Član 11. (Naknada i doprinosi) (4) U slučaju smrti lica sa invaliditetom, roditelj njegovatelj ostvaruje pravo na naknadu troškova ukopa – sahrane umrlog lica na isti način kako je to, drugim zakonima, regulisano za zaposlenike federalnih organa. | P83: Neinstitucionalizirana prava
A84: 60 | B84: Prednost u primanju usluga u zdravstvenom i drugim institucijama | D84: Radni vijek | E84: Zdravstvena zaštita | P84: Neinstitucionalizirana prava
A85: 17 | B85: Pravo na novčanu naknadu za vrijeme čekanja na zaposlenje | C85: Obezbijediti novčana sredstva osobama ometenim u psihičkom i fizičkom razvoju, koje su osposobljenje za rad, a koje čekaju na zaposlenje, pod uvjetom da se redovno javljaju Službi za zapošljavanje Kantona Sarajevo. | D85: Radni vijek | E85: Socijalna zaštita | F85: Kantonalni centar za socijalni rad | G85: Gatačka 80, Sarajevo | H85: https://kcsr.ba/ | I85: 38733723635 | J85: mirsada@kcsr.ba | K85: Zakon o osnovama socijalne zaštite zaštite civilnih žrtava rata i zaštite porodice sa djecom Federacije BiH Zakon o socijalnoj zaštiti, zaštiti civilnih žrtava rata i zaštiti porodice sa djecom Kantona Sarajevo. Zakon o Radu FBiH: "Član 8. Zaposlenik, kome prestane radni odnos, prijavom službi za zapošljavanje, ostvaruje pravo na zdravstvenu zaštitu u slucaju bolesti i invalidnosti, pravo na materijalno osiguranje i druga prava za vrijeme nezaposlenosti, u skladu sa zakonom." | L85: (matični ured mjesta rodjenja maloljetne osobe) | M85: 1. Kopija lične karte; 2. Kopija prijave mjesta boravišta–prebivališta; 3. Kopija rodnog lista; 4. Potvrda sa Biroa za zapošljavanje; 5. Uvjerenje PIO–MIO; 6. Uvjerenje o kretanju iz MUP–a; 7. Kopija svjedočanstva; 8. Kopija diplome; 9. Potvrda mjesne zajednice; 10. Nalaz o kategorizaciji. Napomena: Sve kopije moraju biti ovjerene u općinskom organu uprave. | N85: https://kcsr.ba/file/kcsr9/266 | P85: Administrativni postupci
A86: 18 | B86: Pravo na poslovnu rehabilitaciju | C86: Osobe sa 60 % i više invaliditeta da imaju pravo na finansiranje /sufinansiranje troškova profesionalne rehabilitacije kroz vanredno srednje školovanje, visoko stručno obrazovanje ili postdiplomsko studiranje. | D86: Radni vijek | E86: Obrazovanje | F86: Fond za profesionalnu rehabilitaciju | G86: Vilsonovo šetalište 10 | H86: https://fond.ba/ | I86: 38733717740 | J86: info@fond.ba | K86: Zakon o profesionalnoj rehabilitaciji, osposobljavanju i zapošljavanju osoba sa invaliditetom („Sl. novine FBiH“ 9/10), Fond za profesionalnu rehabilitaciju i zapošljavanje osoba sa invaliditetom objavljuje javne pozive iz oblasti profesionalne rehabilitacije (Fond). | L86: Prijava na javni poziv od strane Fonda | M86: Dvije (2) mjenične izjave Mjenične izjave ćete dobiti u Fondu ali ukoliko osoba sa invaliditetom opunomoćuje nekoga drugog za potpis Ugovora, dužna je po istom dostaviti dvije mjenične izjave koje može preuzeti OVDJE. Na ove mjenične izjave, osoba sa invaliditetom dužna je staviti samo pečat i potpis bez popunjavanja ostalih podataka. Ukoliko se neko drugi ovlašćuje da potpiše Ugovor sa Fondom, potrebno je dostaviti punomoć ovjerenu kod notara ili punomoć koja je ovjerena u općini, u kojoj piše „Da može potpisati ugovor sa Fondom za profesionalnu rehabilitaciju i zapošljavanje osoba sa invaliditetom i svu ostalu dokumentaciju vezano za zaključenje ugovora“. Potvrda o priznavanju prava na profesionalnu rehabilitaciju od strane Službe za zapošljavanje ukoliko nije dostavljena uz aplikaciju (ORIGINAL). Dokaz o izvršenom upisu u predmetnu školsku/akademsku godinu (ugovor o školovanju/studiranju – ovjerena fotokopija ili potvrda obrazovne ustanove – original), ukoliko ista nije dostavljena uz aplikaciju. Potvrda banke sa naznačenim brojem tekućeg računa za osobu sa invaliditetom – lični račun ne starija od 15 dana. Ukoliko je osoba u međuvremenu uplatila sredstva za školovanje obrazovnoj ustanovi (djelimično ili u potpunosti), dostavlja originalni dokaz o uplati sredstava (virman, uplatnica, potvrda školske ustanove) ukoliko isti nije dostavila uz aplikaciju. | N86: https://fond.ba/uputstvo-za-potpisivanje-ugovora-programi-9/ | O86: Federalni nivo! | P86: Administrativni postupci
A87: 55 | B87: Pravo na skraćeno radno vrijeme, zaštita od prekovremenog rada i rada noću, kao i zaštita od promjene mjesta rada | C87: Roditelji djeteta s težim smetnjama u razvoju imaju pravo na rad polovine punog radnog vremena uz naknadu plaće, te su zaštićeni od rada noću, prekovremeno i promjene mjesta rada bez svojeg pisanog pristanka kako bi se omogućila bolja briga i podrška djetetu. | D87: Radni vijek | E87: Rad i zapošljavanje | K87: Član 64 Nakon isteka godine dana života djeteta, jedan od roditelja ima pravo da radi polovinu punog radnog vremena do tri godine života djeteta, ako je djetetu, prema nalazu nadležne zdravstvene ustanove, potrebna pojačana briga i njega. Član 69 (1) Jedan od roditelja djeteta sa težim smetnjama u razvoju (teže hendikepiranog djeteta) ima pravo da radi polovinu punog radnog vremena, u slučaju da se radi o samohranom roditelju ili da su oba roditelja zaposlena, pod uvjetom da dijete nije smješteno u ustanovu socijalno - zdravstvenog zbrinjavanja, na osnovu nalaza nadležne zdravstvene ustanove. (2) Roditelju, koji koristi pravo iz stava 1. ovog člana, pripada pravo na naknadu plaće, u skladu sa zakonom. (3) Roditelju koji koristi pravo iz stava 1. ovog člana, ne može se narediti da radi noću, prekovremeno i ne može mu se promijeniti mjesto rada, ako za to nije dao svoj pisani pristanak. | P87: Neinstitucionalizirana prava
A88: 57 | B88: Pravo na zapošljavanje: povlaštena prava pri zapošljavanju u javnom sektoru | C88: Osobe sa invaliditetom imaju pravo na zapošljavanje i rad na tržištu rada pod opštim i posebnim uslovima. Pod opštim uslovima, OSI se mogu zaposliti u različitim subjektima javnog i privatnog sektora. U javnom sektoru osobe sa invaliditetom imaju povlaštena prava pri zapošljavanju ako ispunjavaju i opšte i posebne uslove za posao | D88: Radni vijek | E88: Rad i zapošljavanje | K88: Članak 15. Osobe s invaliditetom upošljavaju se i rade na tržištu rada pod opdim i posebnim uvjetima. Pod općim uvjetima upošljavaju se osobe s invaliditetom na otvorenome tržištu rada, u državnim tijelima, tijelima pravosuđa, tijelima lokalne uprave, javnim službama, ustanovama, fondovima, javnim poduzećima, gospodarskim društvima i drugim pravnim osobama koje nisu osnovane za upošljavanje osoba s invaliditetom, sukladno zakonu. Prednost pri upošljavanju u subjektima iz stavka 2. ovoga članka u okviru javnoga sektora imaju osobe s invaliditetom ako, pored općih, ispunjavaju i posebne uvjete za radno mjesto. Pod posebnim uvjetima upošljavaju se osobe s invaliditetom u ustanovi ili gospodarskom društvu što su osnovani radi upošljavanja osoba s invaliditetom. | P88: Neinstitucionalizirana prava
A89: 3 | B89: Izdavanje međunarodnog znaka pristupačnosti | C89: Izdaje se znak pristupačnosti u svrhu obilježavanja vozila kojim upravlja osoba sa oštećenim ekstremitetima u prometu da bi takvo vozilo imalo prednost pri parkiranju. | D89: Radni vijek | E89: Socijalna zaštita | F89: Ministarstvo unutrašnjih poslova›Uprava za građanska stanja i pravne poslove | G89: La Benevolencija 16 | H89: https://mup.ks.gov.ba/sites/mup.ks.gov.ba/files/2023-01/obrasci_znak_pristupacnosti.pdf | I89: 38733226445 | K89: Zakon o osnovama sigurnosti saobraćaja na putevima u Bosni i Hercegovini („Službeni glasnik Bosne i Hercegovine“ br. 6/06, 75/06 – ispravka, 44/07, 84/09, 48/10, 18/13, 8/17, 89/17, 9/18 i 46/23); Zakon o upravnom postupku (“Službene novine Federacije Bosne i Hercegovine” br. 2/98, 48/99 i 61/22); Pravilnik o obilježavanju vozila kojim upravlja osoba sa oštećenim ekstremitetima ili kojim se prevozi osoba sa invaliditetom 100% („Službeni glasnik Bosne i Hercegovine“ 54/17) | L89: Zahtjev prema MUP-u KS - ispostavama po općinama | M89: Posljednje izdato rješenje o stepenu oštećenja ekstremiteta bitnog za upravljanje vozilom ili posljednji nalaz, ocjenu ili mišljenje izdato od tijela entiteta Bosne i Hercegovine, kantona nadležnih za utvrđivanje stepena oštećenja ekstremiteta Dvije fotografije dimenzija 30×35 mm Lična karta (na uvid) Vozačka dozvola (na uvid) Potvrda da je vozilo u vlasništvu osobe sa oštećenim ekstremitetima ili da se vozilo koristi po osnovu Ugovora o lizingu Potvrda da je vozilo u vlasništvu osobe sa invaliditetom 100% ili roditelja, staratelja ili člana domaćinstva osobe sa 100% invaliditetom ili da se vozilo koristi po osnovu Ugovora o lizingu Posljednje rješenje ili posljednji nalaz, ocjenu ili mišljenje o stepenu invaliditeta 100%, izdato od tijela entiteta Bosne i Hercegovine, kantona nadležnih za utvrđivanje stepena invaliditeta Dokaz o statusu roditelja, staratelja ili člana domaćinstva osobe sa 100% invaliditetom Rješenje o registraciji udruženja Potvrda da je vozilo u vlasništvu udruženja ili da se vozilo koristi po osnovu Ugovora o lizingu Posljednje rješenje ili posljednji nalaz, ocjenu ili mišljenje o stepenu invaliditeta 100%, izdato od tijela entiteta Bosne i Hercegovine, kantona nadležnih za utvrđivanje stepena invaliditeta za nekoliko članova udruženja Dokaz da su osobe sa invaliditetom 100% članovi udruženja | N89: https://ap.ks.gov.ba/administrativni-postupak/izdavanje-znaka-pristupacnosti | O89: https://mup.ks.gov.ba/sites/mup.ks.gov.ba/files/2023-01/obrasci_znak_pristupacnosti.pdf | P89: Administrativni postupci
A90: 10 | B90: Medicinsko - sanitetski materijal za RVI sa područja Kantona Sarajevo | C90: Ostvarivanje prava RVI-a na medicinsko - sanitetski materijal. | D90: Radni vijek | E90: Zdravstvena zaštita | F90: Ministarstvo zdravstva KS | G90: Reisa Džemaludina Čauševića 1, Sarajevo | H90: https://mz.ks.gov.ba/ | I90: 38733562027 | J90: jasminka.ramic@mz.ks.gov.ba | K90: Zakon o dopunskim pravima boraca-branitelja Bosne i Hercegovine, član 7. (“Službene novine FBiH” br:2/02 i 28/03 ); Odluka o proširenom obimu prava za korištenje ortopedskih pomagala, lijekova, medicinsko-sanitetskih sprava i materijala za ratne vojne invalide sa područja Kantona Sarajevo, član 1. (“Službene novine Kantona Sarajevo” br: 13/04, 11/06 i 16/11 ) | M90: https://mz.ks.gov.ba/node/7923 | N90: https://mz.ks.gov.ba/node/7923 | P90: Administrativni postupci
A91: 38 | B91: Oslobađanje plaćanja uvoznih dadžbina, carine i PDV-a prilikom uvoza automobila | C91: Osobe s invaliditetom i poteškoćama u razvoju mogu biti oslobođene plaćanja uvoznih dadžbina, odnosno carine i PDV-a, ako planiraju kupiti i uvesti automobil koji će im poslužiti kao ortopedsko ili drugo pomagalo. Pravo na oslobađanje odnosi se na period od pet godina, što znači nakon uvoza vozila na ovaj način, u narednih pet godina ne mogu na isti način uvesti vozilo. Tek nakon isteka perioda od pet godina mogu ponovo na povlasticu uvesti vozilo. Isto tako, vozilo ne smiju prodati u trajanju od tri godine od dana uvoza, jer ako to urade moraju platiti sve uvozne dažbine. Invalidna osoba može uvesti putnički automobil do vrijednosti od 30.000 KM ako nije posebno prilagođen za upravljanje invalidnih osoba ili bez ograničenja vrijednosti ako se uvozi putnički automobil posebno prilagođen za prijevoz invalidnih osoba. | D91: Radni vijek | E91: Prevoz i kretanje | F91: MUP Kantona Sarajevo | L91: Zahtjev za oslobadjanje od plaćanja carine podnosi se nadležnoj carinskoj upravi | M91: - nalaz ocjena ili mišljenje o stepenu oštećenja ekstremiteta bitnog za upravljanje vozilom izdatog od strane organa entiteta, BiH i Brčko distrikta BiH, - dvije fotografije dimenzija 30 s 35 mm, - lična karta na uvid i - fotokopija potvrde o vlasništvu nad motornim vozilom. | P91: Diskrecione usluge
A92: 24 | B92: Smještaj u hospis | C92: Zbrinjavanje teško oboljelih u zdravstveno-socijalnoj ustanovi | D92: Radni vijek | E92: Zdravstvena zaštita | F92: Zavod zdravstveno osiguranja Kantona Sarajevo | G92: Ložionička 2, 71000 Sarajevo, Bosna i Hercegovina | H92: https://www.kzzosa.ba/ | I92: 38733725207 | J92: info@kzzosa.ba | K92: Ugovor sa zdravstveno-socijalnom ustanovom | L92: Porodični ljekari, prema kriterijumima utvrđenim od Ministarstva zdravstva KS, pacijenta u terminalnoj fazi bolesti upućuje u zdravstveno-socijalnu ustanovu na odgovarajuću skrb (medicinska i psihološka podrška) | P92: Administrativni postupci
A93: 37 | B93: Oslobađanje od plaćanja RTV takse za osobe koje su izgubile sluh i vid | C93: Od obaveze plaćanja RTV takse oslobađaju se vlasnici prijemnika koji su trajno izgubili vid ili sluh i žive sami u domaćinstvu ili sa starateljem. | D93: Radni vijek | E93: Kultura i sport | F93: Radio–televizija Bosne i Hercegovine | G93: Bulevar Meše Selimovića 12 | L93: Zahtjev za ostvarenje prava podnosi se Radio–televiziji Bosne i Hercegovine u Sarajevu. | M93: Zahtjev Kopija lične karte Kućna lista Dokument o starateljstvu koji izdaje centar za socijalni rad u mjestu prebivališta Kopiju lične karte; Kućnu listu; Dokument o starateljstvu (ako ga imate) koji izdaje centar za socijalni rad u mjestu prebivališta | P93: Diskrecione usluge
A94: 43 | B94: Povlastice u željezničkom saobraćaju | D94: Radni vijek | E94: Prevoz i kretanje | K94: http://www.sluzbenilist.ba/page/akt/lbKAkKGaEwg= | P94: Diskrecione usluge
A95: 22 | B95: Refundacija troškova lijekova i liječenja | C95: Pravo na refundiranje troškova lijekova, medicinskih sredstava i liječenja koji nisu obuhvaćeni obaveznim zdravstvenim osiguranjem (odobravanje sredstava do 20.000KM) | D95: Školska dob | E95: Zdravstvena zaštita | F95: Zavod zdravstvenog osiguranja Kantona Sarajevo | G95: Ložionička 2, 71000 Sarajevo, Bosna i Hercegovina | H95: https://www.kzzosa.ba/ | I95: 38733725207 | J95: info@kzzosa.ba | K95: Pravilnik o načinu ostvarivanja prava iz obaveznog zdravstvenog osiguranja ("Sl.novine FBiH" br 31/02 i 20/19) i odluke ZZOKS | L95: Zahtjev za refundaciju troškova lijeka, medicinskog sredstva ili liječenja koji nisu obuhvaćenim obaveznim zdravstvenim osiguranjem, a preporučeni su pacijentu, podnosi se ZZO KS (odlučuje posebna komisija). Uz zahtjev se dostavlja medicinska dokumentacija kojom je preporučeno lijek, liječenje ili medicinsko sredstvo, potvrda o prebivalištu i originalni račun o plaćenom lijeku, liječenju ili medicinskom sredstvu. | P95: Administrativni postupci
A96: 2 | B96: Dodatak za njegu i pomoć od strane drugog lica, Civilne žrtve rata | C96: Pravo na dodatak za pomoć i njegu od strane druge osobe invalidima od I do IV grupe koji su nesposobni za vršenje osnovnih životnih potreba bez pomoći drugog lica. | D96: Školska dob | E96: Zaštita civilnih žrtava rata | F96: Općina, nadležna općinska služba Ministarstvo za rad, socijalnu politiku, raseljena lica i izbjeglice Kantona Sarajevo | G96: Primjer Općine Centar | H96: https://eregistar.centar.ba/registar/12-21-pravo-na-dodatak-za-njegu-i-pomoc-od-strane-drugog-lica-czr/ | I96: 0038733562450 | J96: zlatan.kulovic@centar.ba | K96: Zakon o osnovama socijalne zaštite, zaštite civilnih žrtava rata i zaštite porodice sa djecom („Službene novine Federacije Bosne i Hercegovine“, br. 36/99, 54/04, 39/06, 14/09, 45/16 i 40/18); član 60. Instrukcija o iznosima novčanih davanja po Zakonu o socijalnoj zaštiti, zaštiti civilnih žrtava rata i zaštiti porodice sa djecom – Instrukciju svake kalendarske godine donosi ministar za rad, socijalnu politiku, raseljena lica i izbjeglice Kantona Sarajevo. | L96: državljanstvo Bosne i Hercegovine;Potreba za tuđom njegom i pomoći civilne žrtve rata utvrđuje se na osnovu nalaza i mišljenja nadležne ljekarske komisije određene propisom ministra Federalnog ministarstva rada i socijalne politike. Vodi se upravni postupak u kojem se utvrđuje ispunjavanje uslova za ostvarivanje prava na dodatak za njegu i pomoć od strane drugog lica. Podnosilac zahtjeva ima pravo podnijeti žalbu na rješenje prvostepenog organa kojim nije ostvario pravo na dodatak za njegu i pomoć od strane drugog lica Ministarstvu za rad, socijalnu politiku, raseljena lica i izbjeglice Kantona Sarajevo, kao i pokrenuti upravni spor pred Kantonalnim sudom u Sarajevu. da ima priznat status civilne žrtve rata i pravo na ličnu invalidninu i da je nalazom i mišljenjem od strane ljekarske komisije utvrđena potreba za ortopedskim dodatkom. • | M96: Zahtjev za ostvarivanje prava na dodatak za njegu i pomoć od strane drugog lica podnosi se općini, nadležnoj općinskoj službi općine u kojoj podnosilac zahtjeva ima prebivalište. • • rješenje o priznavanju statusa civilne žrtve rata i prava na ličnu invalidninu; • ovjerena kopija lične karte; • CIPS prijava o mjestu prebivališta i • medicinska dokumentacija. Uvjerenje o nekažnjavanju, Ovjerena izjava u skladu sa čl.7, stav 1. i 2., čl.74, čl.75, čl.76a i čl.77 Zakona o osnovama socijalne zaštite, zaštite civilnih žrtava rata i zaštite porodice sa djecom („Službene novine FBiH“ broj 36/99,54/04,39/06,14/09,45/16 i 40/18), Tekući račun podnosioca zahtjeva | P96: Administrativni postupci
A97: 13 | B97: Ocjenjivanje sposobnosti, razvrstavanje djece i omladine ometene u psiho-fizičkom razvoju | C97: Utvrđivanja preostale sposobnosti i razvrstavanja djece i omladine, vodi se do navršene 18. godine života djeteta. | D97: Školska dob | E97: Socijalna zaštita | F97: Kantonalni centar za socijalni rad | G97: Gatačka 80, Sarajevo | H97: https://kcsr.ba/ | I97: 38733723640 | J97: info@kcsr.ba | K97: Pravilnik o utvrđivanju preostale sposobnosti i razvrstavanju djece i omladine ometene u psiho-fizičkom razvoju KS | M97: https://kcsr.ba/file/kcsr21/274 | N97: https://kcsr.ba/file/kcsr21/274 | P97: Administrativni postupci
A98: 25 | B98: Smještaj u ustanovu, njega, rehabilitacija i socijalna zaštita – Dom za djecu bez roditeljskog staranja | C98: Cjelokupno zbrinjavanje, odgoj, školovanje, zdravstvena zaštita djece bez roditelja i djece čiji je razvoj ometen porodičnim prilikama. | D98: Školska dob | E98: Socijalna zaštita | F98: Kantonalna javna ustanova Dom za djecu bez roditeljskog staranja Javna ustanova “Kantonalni centar za socijalni rad” – službe socijalne zaštite Ministarstvo za rad, socijalnu politiku, raseljena lica i izbjeglice Kantona Sarajevo | G98: Bjelave 52, 71000 Sarajevo, Bosna i Hercegovina | H98: https://dombjelave.ba/bs | I98: 38733209044 | J98: dombjelave@hotmail.com | K98: Član 85 Dom za socijalno i zdravstveno zbrinjavanje osoba sa invaliditetom i drugih osoba obavlja poslove socijalno-zdravstvenog zbrinjavanja odraslih tjelesno i mentalno invalidnih osoba, osoba sa trajnim smetnjama u fizičkom ili psihičkom razvoju, duševno oboljelih i hronično bolesnih osoba, osoba sa specifičnim oboljenjima, ako ne postoje osnovni uvjeti za smještaj u vlastitoj ili drugoj porodici ili drugoj ustanovi, a nije im neophodno bolničko liječenje ili je bolničko liječenje završeno. • Zakon o socijalnoj zaštiti, zaštiti civilnih žrtava rata i zaštiti porodice sa djecom („Službene novine Kantona Sarajevo“ br. 38/14 – Prečišćeni tekst, 38/16, 44/17 i 28/18); član 94. | M98: zahtjev za smještaj; rješenje o smještaju; socijalna anamneza; izvod iz matične knjige rođenih; zdravstvena knjižica; medicinska dokumentacija (ukoliko dijete ima zdravstvene poteškoće) i rješenje o starateljstvu (ukoliko je dijete pod starateljstvom nadležne službe). | P98: Administrativni postupci
A99: 4 | B99: Jednokratna novčana pomoć licima i domaćinstvima sa područja općine Novo Sarajevo | C99: Jednokratna novčana pomoć licima i domaćinstvima sa područja općine Novo Sarajevo samo za osobe za prebivalištem u Općini Novo Sarajevo | D99: Školska dob | E99: Socijalna zaštita | F99: Općina Novo Sarajevo | G99: Zmaja od Bosne 55, 71000 Sarajevo, Bosna i Hercegovina | H99: https://novosarajevo.ba/ | I99: 38733492125 | J99: socijalna.pitanja@novosarajevo.ba | K99: Odluka o uslovima, načinu, kriterijima i iznosu sredstava za dodjelu jednokratne novčane pomoći licima i domaćinstvima sa područja općine Novo Sarajevo ("Službene novine Kantona Sarajevo", broj: 19/21 i 19/22) | L99: Zahtjev se predaje Službi za socijalna pitanja, zdravstvo, izbjeglice i raseljena lica na propisanom obrascu, na kojem je navedena dokumentacija koju je potrebno priložiti. | M99: izjava - saglasnost za obradu podataka potvrda prijave mjesta prebivališta-boravišta (CIPS) za sve članove domaćinstva potvrda mjesne zajednice ili ovjerena kućna lista o broju članova domaćinstva potvrda banke o otvorenom žiro-računu preporuke stručnog lica medicinske struke original računi i dokaz o participaciji od Zavoda zdravstvenog osiguranja KS pravosnažno Rješenje ili uvjerenje JU "Centar za socijalni rad" dokaz o primanjima za sve članove domaćinstva ili potvrda o redovnom školovanju uvjerenje iz JU "Centar za socijalni rad" da li je njihov korisnik po bilo kom osnovu, za sve članove domaćinstva uvjerenje Porezne uprave, za sve članove domaćinstva | N99: https://novosarajevo.ba/userfiles/doc/files/Odluka_o_uslovima.pdf | O99: Zahtjevi se podnose tokom čitave godine, ali se pravo ostvaruje jednom u toku kalendarske godine | P99: Administrativni postupci
A100: 7 | B100: Kupovina lijekova po posebnim protokolima | C100: Pravo na liječenje rijetkih i teških oboljenja po posebnim protokolima (reumatoidini artritis, juvenilni idiopatski artritis, enteralna prehrana, bezglutensko brašno za oboljele od celijaklije) | D100: Školska dob | E100: Zdravstvena zaštita | F100: Zavod zdravstvenog osiguranja Kantona Sarajevo/zdravstvene ustanove | G100: Ložionička 2, 71000 Sarajevo, Bosna i Hercegovina | H100: https://www.kzzosa.ba/ | I100: 38733725207 | J100: info@kzzosa.ba | K100: Posebni protokoli (zaključuju se na godišnjem nivou, dostupni na stranici Zavoda, rubrika Javnost rada) | L100: Ovlašteni ljekari (posebno utvrđeni po svakom protokolu) predlažu, a u odnosu na raspoloživa sredstva, komisija odobrava. Zdravstvena ustanova u kojoj su propisivači direktno podnosi zahtjev za uključivanjem pacijenta, a nakon odobrenja, na osnovu propisanog recepta pacijent ostvaruje pravo na lijek/sredstvo u apotekama ili neposredno u zdravstvenim ustanovama (ukoliko se po prirodi protokola liječenja, lijek aplicira samo u bolničkim uslovima) | P100: Administrativni postupci
...

Sheet Sheet1
A1: Adresa | B1: Lat | C1: Lon
A2: Kranjčevićeva 12, Sarajevo | B2: 43.858553 | C2: 18.4021
A3: Reisa Džemaludina Čauševića 1, 71000 Sarajevo | B3: 43.857349 | C3: 18.413136
A4: Butmirska cesta 12, prvi sprat | B4: 43.829456 | C4: 18.310952
A5: Bulevar Meše Selimovića 12 | B5: 43.847951 | C5: 18.353697
A6: Zmaja od Bosne 88 | B6: 43.852588 | C6: 18.381644
A7: Ložionička 2 | B7: 43.85633 | C7: 18.384492
A8: Reisa Džemaludina Čauševića 1, 71000 Sarajevo | B8: 43.857349 | C8: 18.413136
A9: Bolnička 4, Sarajevo | B9: 43.867171 | C9: 18.413271
A10: Aleja Bosne Srebrene 7 71000 Sarajevo | B10: 43.833868 | C10: 18.331839
A11: Primjer Općine Centar | B11: 43.899231 | C11: 18.415161
A12: La Benevolencija 16 | B12: 43.857481 | C12: 18.416157
A13: Zmaja od Bosne 55, 71000 Sarajevo, Bosna i Hercegovina | B13: 43.851797 | C13: 18.382772
... A20: Bjelave 52, 71000 Sarajevo, Bosna i Hercegovina | B20: 43.856849 | C20: 18.384989

Sheet HOME

Sheet Dijagnoza
B2: MEDICINSKO VJEŠTAČENJE
B6: Prvi korak u slučaju sumnje na određeni stupanj invaliditeta podrazumijeva postavljanje dijagnoze i medicinsko vještačenje. Dijagnoza se postavlja u suradnji s liječnicima i specijalistima, nakon čega je potrebno zakazati medicinsko vještačenje u odgovarajućem zdravstvenom institutu ili bolnici. Proces dijagnosticiranja može se sažeti kroz sljedeće korake:
M28: Zahtjev za medicinsko vještačenje možete preuzeti: | S28: OVDJE

Sheet Predskolska
B12: Administrativni postupci | C12: Medicinska rehabilitacija/banjsko liječenje kao produženo bolničko liječenje | E12: =VLOOKUP(C12,Table2[[Naziv ]:[Dodatne napomene]],2,0) -> Pravo na medicinsku rehabilitaciju u ugovornim banjama | F12: =VLOOKUP(C12,Table2[[Naziv ]:[Dodatne napomene]],6,0) -> Zavod zdravstvenog osiguranja Kantona Sarajevo | G12: =VLOOKUP(C12,Table2[[Naziv ]:[Dodatne napomene]],7,0) -> Ložionička 2, 71000 Sarajevo, Bosna i Hercegovina | H12: =VLOOKUP(C12,Table2[[Naziv ]:[Dodatne napomene]],9,0) -> 38733725207
B14: Diskrecione usluge | C14: Subvencija za djecu istih roditelja - oslobađanje plaćanja vrtića za braću i sestre djeteta sa poteškoćama u razvoju | E14: =VLOOKUP(C14,Table5[],2,0) -> Djeca koja su braća/sestre djeteta sa poteškoćama u razvoju imaju pravo na subvenciju troškova vrtića. | F14: =VLOOKUP(C14,Table5[],6,0) -> Nadležna općina | G14: =VLOOKUP(C14,Table5[],7,0) -> 0 | H14: =VLOOKUP(C14,Table5[],9,0) -> 0
B16: Neinstitucionalizirana prava | C16: Pravo na penziju korsnika ili roditelja/staratelja | E16: =VLOOKUP(C16,'Neinstitucionalizirana prava'!$A$2:$F$10,2,0) -> Roditelj/staratelj osobe sa poteškoćama u razvoju (nesposobnost za samostalan život, nesposobnost za privređivanje) ima pravo na penziju. Status roditelja njegovatelja priznaje se jednom od roditelja lica s invaliditetom sa 100% oštećenjem organizma i pravom na dodatak za njegu i pomoć od drugog lica. | F16: =VLOOKUP(C16,'Neinstitucionalizirana prava'!$A$2:$F$10,4,0) -> Zakon o penzijskom i invalidskom osiguranju

Sheet Skolska
B12: Administrativni postupci | C12: Sufinansiranje troškova prijevoza djece sa poteškoćama u kretanju | E12: =VLOOKUP(C12,Table2[[Naziv ]:[Dodatne napomene]],2,0) -> Naknade troškova prijevoza učenika/ca s invaliditetom koji za potrebe odlaska i povratka na nastavni proces koriste javni linijski saobraćaj (mjesečni kupon za učenika/ca i pratioca). | F12: =VLOOKUP(C12,Table2[[Naziv ]:[Dodatne napomene]],6,0) -> Prema općini prebivališta | G12: =VLOOKUP(C12,Table2[[Naziv ]:[Dodatne napomene]],7,0) -> 0 | H12: =VLOOKUP(C12,Table2[[Naziv ]:[Dodatne napomene]],9,0) -> OPĆINA CENTAR Obrazovanje, društvene djelatnosti, kulturu i sport omoćnica općinskog načelnika: Lejla DIZDAREVIĆ T: + 387 33 56 24 72 E: lejla.dizdarevic@centar.ba OPĆINA STARI GRAD Služba za obrazovanje, kulturu i sport Enida Osmanagić po ovlaštenju Pomoćnik Općinskog načelnika za obrazovanje, kulturu i sport e-mail: enida.osmanagic@starigrad.ba OPĆINA NOVO SARAJEVO Služba za obrazovanje, kulturu i sport Emina Rovčanin diplomirani pravnik Pomoćnik Općinskog načelnika tel: +387 33 492-188, +387 33 492-189 obrazovanje@novosarajevo.ba emina.rovcanin@novosarajevo.ba OPĆINA NOVI GRAD Služba za obrazovanje, kulturu i sport Adisa Šuman, Rukovodioc E-mail: adisasuman@novigradsarajevo.ba Telefon: 033/291–190 / Lokal 190 Soba: 510 OPĆINA ILIDŽA Služba za obrazovanje, kulturu, sport i mlade Adel Prašović Pomoćnik Općinskog načelnika E-mail: adel.prasovic@opcinailidza.ba Telefon 033/637-218 Lokal716 OPĆINA HADŽIĆI Služba za boračko-invalidsku, socijalnu i zdravstvenu zaštitu, izbjegla i raseljena lica Pomoćnik načelnika: v.d. Almin Tufo Telefon: 033/475-908 E-mail: biz@hadzici.ba OPĆINA ILIJAŠ Služba za opću upravu, boračko-inavlidsku zaštitu i socijalnu zaštitu Pomoćnik načelnika Nijaz SPAHIĆ + 387 33 580 640 nijaz.spahic@ilijas.ba biz@ilijas.ba OPĆINA VOGOŠĆA Služba za boračko-invalidsku i socijalnu zaštitu Zijad Kadrić 033/586-470 zijad.kadric@vogosca.ba OPĆINA TRNOVO Služba za opću upravu, društvene djelatnosti, boračko-invalidsku, dječiju i socijalnu zaštitu Pomoćnik rukovodioca službe za opću upravu, društvene djelatnosti, boračko-invalidsku, dječiju i socijalnu zaštitu Mirsad Mešić Tel: +387(0)33 586-301 biz@trnovo.ba
B14: Diskrecione usluge | C14: Pružanje oralno-hirurških i stomatoloških usluga za djecu sa poteškoćama u razvoju | E14: =VLOOKUP(C14,Table5[],2,0) -> Na Stomatološkom fakultetu u Sarajevu djeci s poteškoćama u razvoju pružaju se besplatne oralnohirurške i stomatološke usluge, ako je potrebno i pod općom anestezijom. . | F14: =VLOOKUP(C14,Table5[],6,0) -> Stomatološki fakultet u Sarajevu | G14: =VLOOKUP(C14,Table5[],7,0) -> Bolnička 4, Sarajevo | H14: =VLOOKUP(C14,Table5[],9,0) -> 38733214249
B16: Neinstitucionalizirana prava | C16: Pravo na dnevni boravak u posebnim ustanovama ili smještaj u domovima tokom obrazovanja. Potpuno pokriće troškova dnevnog boravka od strane Centra | E16: =VLOOKUP(C16,'Neinstitucionalizirana prava'!$A$2:$F$10,2,0) -> Djeca i odrasle osobe koji su uključeni u specijalno školovanje imaju pravo na dnevni boravak u posebnim ustanovama ili smještaj u internatskim ustanovama ako to preporuči Stručna komisija ili Stručna institucija. | F16: =VLOOKUP(C16,'Neinstitucionalizirana prava'!$A$2:$F$10,4,0) -> Zakon o socijalnoj zaštiti, zaštiti civilnih žrtava rata i zaštiti porodice sa djecom

Sheet Radni vijek
B12: Administrativni postupci | C12: Pravo na ličnu invalidninu, dodatak za njegu i pomoć drugog lica i ortopedski dodatak | E12: =VLOOKUP(C12,Table2[[Naziv ]:[Dodatne napomene]],2,0) -> Licima sa invaliditetom i grupe sa 100% tjelesnog oštećenja i licima sa invaliditetom II grupe sa 90% tjelesnog oštećenja i civilne žrtve rata omogućiti ostvarivanje prava na ličnu invalidninu, dodatak za njegu i pomoć od strane drugog lica i ortopedski dodatak. Zakon definira civilne žrtve rata: - Osobe sa najmanje 20% tjelesnih oštećenja uslijed ratnih događaja, pod uslovom da su u vrijeme incidenta bili civili.  Osobe koje su pretrpjele seksualno zlostavljanje ili silovanje tokom rata, uključujući djecu rođenu od ratnog silovanja, bez obzira na status majke.  Članovi porodica civila poginulih ili nestalih usljed ratnih dešavanja.  Dodatno, bosanskim državljanima koji borave u Federaciji i koji su pogođeni ratnim događajima priznaje se ako nemaju koristi od drugih propisa. | F12: =VLOOKUP(C12,Table2[[Naziv ]:[Dodatne napomene]],6,0) -> Kantonalni centar za socijalni rad | G12: =VLOOKUP(C12,Table2[[Naziv ]:[Dodatne napomene]],7,0) -> Gatačka 80, Sarajevo | H12: =VLOOKUP(C12,Table2[[Naziv ]:[Dodatne napomene]],9,0) -> 38733723635
B14: Diskrecione usluge | C14: Jednokratna novčana pomoć za invalidna lica | E14: =VLOOKUP(C14,Table5[],2,0) -> Općina Ilidža: Općinski načelnik dodjeljuje jednokratnu novčanu pomoć osobama sa invaliditetom sa posebnim potrebama koje su u socijalnoj potrebi. | F14: =VLOOKUP(C14,Table5[],6,0) -> Općina Ilidža | G14: =VLOOKUP(C14,Table5[],7,0) -> Butmirska cesta 12, prvi sprat | H14: =VLOOKUP(C14,Table5[],9,0) -> 387733637384
B16: Neinstitucionalizirana prava | C16: Pravo na zapošljavanje: povlaštena prava pri zapošljavanju u javnom sektoru | E16: =VLOOKUP(C16,'Neinstitucionalizirana prava'!$A$2:$F$10,2,0) -> Osobe sa invaliditetom imaju pravo na zapošljavanje i rad na tržištu rada pod opštim i posebnim uslovima. Pod opštim uslovima, OSI se mogu zaposliti u različitim subjektima javnog i privatnog sektora. U javnom sektoru osobe sa invaliditetom imaju povlaštena prava pri zapošljavanju ako ispunjavaju i opšte i posebne uslove za posao | F16: =VLOOKUP(C16,'Neinstitucionalizirana prava'!$A$2:$F$10,4,0) -> Zakon o profesionalnoj rehabilitaciji, osposobljavanju i zapošljavanju osoba s invaliditetom Federacije BiH

Sheet Treca dob
B12: Administrativni postupci | C12: Zdravstvena zaštita starijih od 65 godina | E12: =VLOOKUP(C12,Table2[[Naziv ]:[Dodatne napomene]],2,0) -> Zdravstvena zaštita osoba starijih od 65 godina života, pod uslovom da nemaju zdravstveno osiguranje po drugom osnovu. Plaćanje neposrednog učešća u troškovima zdravstvene zaštite starijih od 65 godina života vršit će MRSRI KS, pod uslovom da nisu zdravstveno osigurani po drugom osnovu. | F12: =VLOOKUP(C12,Table2[[Naziv ]:[Dodatne napomene]],6,0) -> Općina, nadležna općinska služba Ministarstvo za rad, socijalnu politiku, raseljena lica i izbjeglice Kantona Sarajevo | G12: =VLOOKUP(C12,Table2[[Naziv ]:[Dodatne napomene]],7,0) -> 0 | H12: =VLOOKUP(C12,Table2[[Naziv ]:[Dodatne napomene]],9,0) -> 0
B14: Diskrecione usluge | C14: Umanjenje poreza na dohodak za zaposlene | E14: =VLOOKUP(C14,Table5[],2,0) -> Zaposlene osobe s invaliditetom imaju pravo na osnovni lični odbitak i umanjenje porezne osnovice po osnovu izdražavanja članova uže porodice i /ili po osnovu eventualne invalidnosti tih članova ili samog poreznog obveznika. Rezidentni porezni obveznici mogu odbiti i lični odbitak: 0,3 osnovnog ličnog odbitka iz stava (1) člana 24 za utvrđenu vlastitu invalidnost, kao i za utvrđenu invalidnost svakog člana uže porodice koje porezni obveznik izdržava. | F14: =VLOOKUP(C14,Table5[],6,0) -> Poreska uprava nadležne općine | G14: =VLOOKUP(C14,Table5[],7,0) -> 0 | H14: =VLOOKUP(C14,Table5[],9,0) -> 0
B16: Neinstitucionalizirana prava | C16: Pravo na kućnu njegu | E16: =VLOOKUP(C16,'Neinstitucionalizirana prava'!$A$2:$F$10,2,0) -> Osoba može dobiti pomoć i njegu u kući ako ispunjava sljedeće uvjete: - Nije već dobila novčanu naknadu za pomoć i njegu od drugog. - Nema mogućnost da pomoć i njegu osiguraju roditelji, bračni partner ili djeca. - Nema mogućnost osiguranja pomoći i njege putem ugovora o doživotnom izdržavanju. - Prihod njezina kućanstva ne prelazi 30% prosječne plaće. | F16: =VLOOKUP(C16,'Neinstitucionalizirana prava'!$A$2:$F$10,4,0) -> Zakon o socijalnoj zaštiti, zaštiti civilnih žrtava rata i zaštiti porodice sa djecom

Sheet Dashboard
A3: PwD and Elderly
B6: Životna dob | C6: Novorođenče
B7: Naziv | C7: Dodatak za njegu i pomoć od strane drugog lica, Civilne žrtve rata
B8: Opis | C8: =VLOOKUP(C7,All,3,0) -> #N/A
B10: Ministarstvo/organizacija | C10: =VLOOKUP($C$7,Usluge,6,0) -> #NAME?
B11: Adresa | C11: =VLOOKUP($C$7,Usluge,7,0) -> #NAME?
B12: Web stranica | C12: =VLOOKUP($C$7,Usluge,8,0) -> #NAME?
B13: Telefon | C13: =VLOOKUP($C$7,Usluge,9,0) -> #NAME?
B14: Email | C14: =VLOOKUP($C$7,Usluge,10,0) -> #NAME?
B15: Proces aplikacije | C15: =VLOOKUP($C$7,Usluge,11,0) -> #NAME?
B16: Lista neophodnih dokumenata | C16: =VLOOKUP($C$7,Usluge,12,0) -> #NAME?
B17: Link za informacije o prijavi | C17: =VLOOKUP($C$7,Usluge,13,0) -> #NAME?
B18: Dodatne napomene | C18: =VLOOKUP($C$7,Usluge,15,0) -> #NAME?

Sheet Neinstitucionalizirana prava
A1: Naziv | B1: Opis | C1: Životna dob | D1: Pravni osnov | E1: Pojašnjenje (Član) | F1: Web stranica
A2: Pravo na dnevni boravak u posebnim ustanovama ili smještaj u domovima tokom obrazovanja. Potpuno pokriće troškova dnevnog boravka od strane Centra | B2: Djeca i odrasle osobe koji su uključeni u specijalno školovanje imaju pravo na dnevni boravak u posebnim ustanovama ili smještaj u internatskim ustanovama ako to preporuči Stručna komisija ili Stručna institucija. | C2: Školska dob | D2: Zakon o socijalnoj zaštiti, zaštiti civilnih žrtava rata i zaštiti porodice sa djecom | E2: Član 39 Djeca i odrasle osobe koje se nalaze na specijalnom školovanju imaju pravo na dnevni boravak u specijalnim ustanovama ili smještaj u ustanovama internatskog tipa ukoliko je takav boravak ili smještaj preporučen mišljenjem Stručne komisije, odnosno Stručne institucije
A3: Pravo na kućnu njegu | B3: Osoba može dobiti pomoć i njegu u kući ako ispunjava sljedeće uvjete: - Nije već dobila novčanu naknadu za pomoć i njegu od drugog. - Nema mogućnost da pomoć i njegu osiguraju roditelji, bračni partner ili djeca. - Nema mogućnost osiguranja pomoći i njege putem ugovora o doživotnom izdržavanju. - Prihod njezina kućanstva ne prelazi 30% prosječne plaće. | C3: Radni vijek; Treća životna dob | D3: Zakon o socijalnoj zaštiti, zaštiti civilnih žrtava rata i zaštiti porodice sa djecom | E3: Član 60 Pomoć i njega u kući može se odobriti osobi kojoj je zbog tjelesnog ili mentalnog oštećenja ili trajnih promjena u zdravstvenom stanju ili starosti prijeko potrebna pomoć i njega druge osobe pod uvjetom: - da nije ostvarila pravo na novčanu naknadu za pomoć i njegu od strane druge osobe; - da nema mogućnosti da joj pomoć i njegu osiguraju roditelji, bračni drug i djeca; - da nema mogućnosti da pomoć i njegu osigura na temelju ugovora o doživotnom izdržavanju; - da prihod po članu domaćinstva ne prelazi 30% prosječne plaće. Potrebu za pomoć i njegu u kući utvrđuje Stručna institucija. | F3: https://www.gcs.ba
A4: Pravo na penziju korsnika ili roditelja/staratelja | B4: Roditelj/staratelj osobe sa poteškoćama u razvoju (nesposobnost za samostalan život, nesposobnost za privređivanje) ima pravo na penziju. Status roditelja njegovatelja priznaje se jednom od roditelja lica s invaliditetom sa 100% oštećenjem organizma i pravom na dodatak za njegu i pomoć od drugog lica. | C4: Predškolska dob; Školska dob; Radni vijek; | D4: Zakon o penzijskom i invalidskom osiguranju | E4: Član 73 (Uslovi za porodičnu penziju djeteta) (1) Dijete ima pravo na porodičnu penziju do navršenih 15 godina života. (2) Poslije navršenih 15 godina života, dijete ima pravo na porodičnu penziju do završetka redovnog školovanja, ali najkasnije do navršenih 26 godina života. (3) Redovnim školovanjem, u smislu ovog zakona, ne smatra se školovanje u školi istog ili nižeg stepena obrazovanja od škole koju je dijete završilo. (4) Dijete kod koga nastupi nesposobnost za samostalan život i rad prije 15. godine života ima pravo na porodičnu penziju dok ta nesposobnost traje. (5) Dijete kod koga nesposobnost za privređivanje nastupi poslije 15. godine života, a prije smrti osiguranika odnosno korisnika penzije ima pravo na porodičnu penziju ako ga je osiguranik odnosno korisnik penzije izdržavao do svoje smrti. (6) Dijete kod koga u toku korištenja prava na porodičnu penziju nastupi nesposobnost za samostalan život i rad ili nesposobnost za privređivanje zadržava pravo na penziju dok ta nesposobnost traje. (7) Nesposobnost za samostalan život i rad postoji kada se lice zbog vrste i težine fizičkog ili mentalnog oštećenja ili vrste i težine psihičke bolesti ne može osposobiti za obavljanje najjednostavnijih poslova.
A5: Pravo na produženo obrazovanje | B5: Pravo na produženo obrazovanje za djecu do 18 godina ako zbog invaliditeta nisu mogla završiti osnovno obrazovanje. | C5: Školska dob | D5: Zakon o socijalnoj zaštiti, zaštiti civilnih žrtava rata i zaštiti porodice sa djecom | E5: Član 35 Pravo na osposobljavanje za život i rad obezbjeđuje se djeci ometenoj u fizičkom ili psihičkom razvoju i djeci kod kojih postoji invalidnost prouzrokovana povredom ili bolešću do navršenih 15 godina života kroz osnovno školovanje u redovnim školama ili školama specijalnog tipa koje mogu imati internatski smještaj. Izuzetno od prethodnog stava, pravo na školovanje i osposobljavanje za život i rad ostvaruju djeca do navršenih 18 godina života, ukoliko zbog fizičkih ili psihičkih smetnji nisu bila u stanju završiti osnovno školovanje i osposobljavanje za život i rad u predviđenom roku.
A6: Pravo na skraćeno radno vrijeme, zaštita od prekovremenog rada i rada noću, kao i zaštita od promjene mjesta rada | B6: Roditelji djeteta s težim smetnjama u razvoju imaju pravo na rad polovine punog radnog vremena uz naknadu plaće, te su zaštićeni od rada noću, prekovremenog rada i promjene mjesta rada bez svog pisanog pristanka kako bi se omogućila bolja briga i podrška djetetu. | C6: Radni vijek | D6: Zakon o radu Federacije BiH | E6: Član 64 Nakon isteka godine dana života djeteta, jedan od roditelja ima pravo da radi polovinu punog radnog vremena do tri godine života djeteta, ako je djetetu, prema nalazu nadležne zdravstvene ustanove, potrebna pojačana briga i njega. Član 69 (1) Jedan od roditelja djeteta sa težim smetnjama u razvoju (teže hendikepiranog djeteta) ima pravo da radi polovinu punog radnog vremena, u slučaju da se radi o samohranom roditelju ili da su oba roditelja zaposlena, pod uvjetom da dijete nije smješteno u ustanovu socijalno - zdravstvenog zbrinjavanja, na osnovu nalaza nadležne zdravstvene ustanove. (2) Roditelju, koji koristi pravo iz stava 1. ovog člana, pripada pravo na naknadu plaće, u skladu sa zakonom. (3) Roditelju koji koristi pravo iz stava 1. ovog člana, ne može se narediti da radi noću, prekovremeno i ne može mu se promijeniti mjesto rada, ako za to nije dao svoj pisani pristanak.
A7: Pravo na srednje obrazovanje u redovnim ili specijalnim školama | B7: Pravo na školovanje i osposobljavanje za život i rad osigurava se djetetu do njegovih 26. godina života. Ako je pravo već ranije uspostavljeno, može trajati i nakon 26. godine života, ali najkasnije do 29. godine života. | C7: Školska dob | D7: Zakon o socijalnoj zaštiti, zaštiti civilnih žrtava rata i zaštiti porodice sa djecom | E7: Član 36 Djeca ometena u fizičkom ili psihičkom razvoju sa navršenih 15 godina, odnosno 18 godina života, ostvaruju pravo na školovanje i osposobljavanje za samostalni život i rad kroz redovne srednje škole ili srednje škole specijalnog tipa kojemogu imati internatski smještaj, ako su ispunjeni slijedeći uvjeti: - da je dijete završilo osnovno obrazovanje; - da postoji vjerovatnost da se dijete, s obzirom na ometenost u fizičkom ili psihičkom razvoju i stepen preostale sposobnosti, može primjenom ovog prava osposobiti za samostalan život i rad; - da postoji vjerovatnoća da se osposobljavanje djeteta može postići u trajanju do četiri godine. Pravo na školovanje i osposobljavanje za život i rad obezbjeđuje se djetetu do navršenih 26 godina života, odnosno i poslije navršenih 26 godina života, ukoliko je to pravo ranije uspostavljeno, a najkasnije do navršenih 29 godina života.
A8: Pravo na zapošljavanje: povlaštena prava pri zapošljavanju u javnom sektoru | B8: Osobe sa invaliditetom imaju pravo na zapošljavanje i rad na tržištu rada pod opštim i posebnim uslovima. Pod opštim uslovima, OSI se mogu zaposliti u različitim subjektima javnog i privatnog sektora. U javnom sektoru osobe sa invaliditetom imaju povlaštena prava pri zapošljavanju ako ispunjavaju i opšte i posebne uslove za posao | C8: Radni vijek | D8: Zakon o profesionalnoj rehabilitaciji, osposobljavanju i zapošljavanju osoba s invaliditetom Federacije BiH | E8: Član 15. Osobe s invaliditetom upošljavaju se i rade na tržištu rada pod opdim i posebnim uvjetima. Pod općim uvjetima upošljavaju se osobe s invaliditetom na otvorenome tržištu rada, u državnim tijelima, tijelima pravosuđa, tijelima lokalne uprave, javnim službama, ustanovama, fondovima, javnim poduzećima, gospodarskim društvima i drugim pravnim osobama koje nisu osnovane za upošljavanje osoba s invaliditetom, sukladno zakonu. Prednost pri upošljavanju u subjektima iz stavka 2. ovoga članka u okviru javnoga sektora imaju osobe s invaliditetom ako, pored općih, ispunjavaju i posebne uvjete za radno mjesto. Pod posebnim uvjetima upošljavaju se osobe s invaliditetom u ustanovi ili gospodarskom društvu što su osnovani radi upošljavanja osoba s invaliditetom.
A9: Pravo roditelja/staratelja njegovatelja na osiguranje | B9: Roditelji staratelji imaju isti status osiguranja kao i zaposleni pojedinci. Status roditelja njegovatelja priznaje se jednom od roditelja lica s invaliditetom sa 100% oštećenjem organizma i pravom na dodatak za njegu i pomoć od drugog lica. | C9: Predškolska dob; Školska dob; Radni vijek | D9: Zakon o roditeljima njegovateljima u Federaciji Bosne i Hercegovine | E9: Član 11. (Naknada i doprinosi) (1) Roditelj njegovatelj ima pravo na mjesečnu naknadu u visini iznosa neto najniže plaće u Federaciji Bosne i Hercegovine u skladu sa Zakonom o radu ("Službene novine Federacije BiH", br. 26/16 i 89/18), na koju se uplaćuju doprinosi za penzijsko i invalidsko osiguranje, zdravstveno osiguranje i osiguranje za vrijeme nezaposlenosti.
A10: Pravo roditelja/staratelja njegovatelja na pokrivanje troškova sahrane/dženaze | B10: Roditelji staratelji dobijaju novac za troškove sahrane za preminulu osobu sa invaliditetom, slično kao i federalni službenici. Roditelju lica s invaliditetom može se priznati status roditelja njegovatelja ukoliko je nazaposlen i prijavljen na evidenciji nadležne službe za zapošljavanje. Status roditelja njegovatelja priznaje se jednom od roditelja lica s invaliditetom sa 100% oštećenjem organizma i pravom na dodatak za njegu i pomoć od drugog lica. | C10: Predškolska dob; Školska dob; Radni vijek | D10: Zakon o roditeljima njegovateljima u Federaciji Bosne i Hercegovine | E10: Član 11. (Naknada i doprinosi) (4) U slučaju smrti lica sa invaliditetom, roditelj njegovatelj ostvaruje pravo na naknadu troškova ukopa – sahrane umrlog lica na isti način kako je to, drugim zakonima, regulisano za zaposlenike federalnih organa.

Sheet Administrativni postupci
A1: # | B1: Naziv | C1: Opis | D1: Životna dob | E1: Godine | F1: Tip usluge/prava/benefita | G1: Institucija | H1: Adresa | I1: Web stranica | J1: Telefon | K1: Email | L1: Pravni osnov | M1: Proces aplikacije | N1: Lista neophodnih dokumenata | O1: Link za informacije o prijavi | P1: Vremenski okvir | Q1: Dodatne napomene | R1: Lat | S1: Lon
A2: 1 | B2: Usluga dnevnog ili poludnevnog boravka u Centar za dnevni boravak – Gerontološki centar | C2: Centar za dnevni boravak pruža starim i drugim punoljetnim osobama usluge dnevnog ili poludnevnog boravka, ishranu, stručnu pomoć, servisne usluge, održavanje higijene, organizaciju slobodnog vremena, organizovan odmor i rekreaciju, kulturno-zabavni život i druge aktivnosti. | D2: Treća životna dob | E2: 65+ | F2: Socijalna zaštita | G2: KJU “Gerontološki centar” putem JU Kantonalni centar za socijalni rad. | H2: Aleja Bosne Srebrene 7 71000 Sarajevo | I2: https://www.gcs.ba | J2: 38733777260 | K2: info@gcs.ba | L2: Zakon o socijalnoj zaštiti, zaštiti civilnih žrtava rata i zaštiti porodice sa djecom („Službene novine Kantona Sarajevo“ br. 38/14 – Prečišćeni tekst, 38/16, 44/17 i 28/18), član 7. i 89. Pravilnik o načinu prijema i otpustu korisnika usluga Kantonalne javne ustanove „Gerontološki centar“ Sarajevo broj 12-783/18 od 04. 06. 2018. godine i Pravilnik o izmjenama i dopunama Pravilnika o načinu prijema i otpustu korisnika usluga Kantonalne javne ustanove „Gerontološki centar“ Sarajevo, broj:12-1678/18 od 28. 12. 2018. godine | M2: Status korisnika Centra za dnevni boravak se ostvaruje podnošenjem zahtjeva od strane osobe koja će biti korisnik usluga ili člana njegove uže porodice ili staratelja ukoliko ga ima. | N2: Uz zahtjev za korištenje usluga Centra za dnevni boravak prilažu se sljedeći dokumenti osobe koja će biti korisnik ovih usluga: 1) kopija lične karte (na uvid) i 2) kopija zdravstvene dokumentacije - nalazi ljekara, kao dokaz zdravstvenog stanja, ne starija od 6 mjeseci od dana podnošenja zahtjeva. U zahtjevu se navode usluge koje će se koristiti. | P2: 6 mjeseci | R2: =IFERROR(VLOOKUP(Table2[[#This Row],[Adresa]],Sheet1!$A$1:$C$20,2,0),0) -> 43.833868 | S2: =IFERROR(VLOOKUP(Table2[[#This Row],[Adresa]],Sheet1!$A$1:$C$20,2,0),0) -> 43.833868
A3: 3 | B3: Izdavanje međunarodnog znaka pristupačnosti | C3: Izdaje se znak pristupačnosti u svrhu obilježavanja vozila kojim upravlja osoba sa oštećenim ekstremitetima u prometu da bi takvo vozilo imalo prednost pri parkiranju. | D3: Radni vijek; treća životna dob | F3: Prevoz i kretanje | G3: Ministarstvo unutrašnjih poslova - Uprava za građanska stanja i pravne poslove | H3: La Benevolencija 16 | I3: https://mup.ks.gov.ba/sites/mup.ks.gov.ba/files/2023-01/obrasci_znak_pristupacnosti.pdf | J3: 38733226445 | L3: Zakon o osnovama sigurnosti saobraćaja na putevima u Bosni i Hercegovini („Službeni glasnik Bosne i Hercegovine“ br. 6/06, 75/06 – ispravka, 44/07, 84/09, 48/10, 18/13, 8/17, 89/17, 9/18 i 46/23); Zakon o upravnom postupku (“Službene novine Federacije Bosne i Hercegovine” br. 2/98, 48/99 i 61/22); Pravilnik o obilježavanju vozila kojim upravlja osoba sa oštećenim ekstremitetima ili kojim se prevozi osoba sa invaliditetom 100% („Službeni glasnik Bosne i Hercegovine“ 54/17) | M3: Zahtjev prema MUP-u KS - ispostavama po općinama | N3: Posljednje izdato rješenje o stepenu oštećenja ekstremiteta bitnog za upravljanje vozilom ili posljednji nalaz, ocjenu ili mišljenje izdato od tijela entiteta Bosne i Hercegovine, kantona nadležnih za utvrđivanje stepena oštećenja ekstremiteta Dvije fotografije dimenzija 30×35 mm Lična karta (na uvid) Vozačka dozvola (na uvid) Potvrda da je vozilo u vlasništvu osobe sa oštećenim ekstremitetima ili da se vozilo koristi po osnovu Ugovora o lizingu Potvrda da je vozilo u vlasništvu osobe sa invaliditetom 100% ili roditelja, staratelja ili člana domaćinstva osobe sa 100% invaliditetom ili da se vozilo koristi po osnovu Ugovora o lizingu Posljednje rješenje ili posljednji nalaz, ocjenu ili mišljenje o stepenu invaliditeta 100%, izdato od tijela entiteta Bosne i Hercegovine, kantona nadležnih za utvrđivanje stepena invaliditeta Dokaz o statusu roditelja, staratelja ili člana domaćinstva osobe sa 100% invaliditetom Rješenje o registraciji udruženja Potvrda da je vozilo u vlasništvu udruženja ili da se vozilo koristi po osnovu Ugovora o lizingu Posljednje rješenje ili posljednji nalaz, ocjenu ili mišljenje o stepenu invaliditeta 100%, izdato od tijela entiteta Bosne i Hercegovine, kantona nadležnih za utvrđivanje stepena invaliditeta za nekoliko članova udruženja Dokaz da su osobe sa invaliditetom 100% članovi udruženja | O3: https://ap.ks.gov.ba/administrativni-postupak/izdavanje-znaka-pristupacnosti | P3: 15 dana | Q3: https://mup.ks.gov.ba/sites/mup.ks.gov.ba/files/2023-01/obrasci_znak_pristupacnosti.pdf | R3: =IFERROR(VLOOKUP(Table2[[#This Row],[Adresa]],Sheet1!$A$1:$C$20,2,0),0) -> 43.857481 | S3: =IFERROR(VLOOKUP(Table2[[#This Row],[Adresa]],Sheet1!$A$1:$C$20,2,0),0) -> 43.857481
A4: 4 | B4: Jednokratna novčana pomoć licima i domaćinstvima sa područja općine Novo Sarajevo | C4: Samo za osobe za prebivalištem u Općini Novo Sarajevo, Sarajevo | D4: Predškolska dob; školska dob; radni vijek; treća životna dob | E4: Svi | F4: Socijalna zaštita | G4: Općina Novo Sarajevo | H4: Zmaja od Bosne 55, 71000 Sarajevo, Bosna i Hercegovina | I4: https://novosarajevo.ba/ | J4: 38733492125 | K4: socijalna.pitanja@novosarajevo.ba | L4: Odluka o uslovima, načinu, kriterijima i iznosu sredstava za dodjelu jednokratne novčane pomoći licima i domaćinstvima sa područja općine Novo Sarajevo ("Službene novine Kantona Sarajevo", broj: 19/21 i 19/22) | M4: Zahtjev se predaje Službi za socijalna pitanja, zdravstvo, izbjeglice i raseljena lica na propisanom obrascu, na kojem je navedena dokumentacija koju je potrebno priložiti. | N4: Izjava - saglasnost za obradu podataka potvrda prijave mjesta prebivališta-boravišta (CIPS) za sve članove domaćinstva potvrda mjesne zajednice ili ovjerena kućna lista o broju članova domaćinstva potvrda banke o otvorenom žiro-računu preporuke stručnog lica medicinske struke original računi i dokaz o participaciji od Zavoda zdravstvenog osiguranja KS pravosnažno Rješenje ili uvjerenje JU "Centar za socijalni rad" dokaz o primanjima za sve članove domaćinstva ili potvrda o redovnom školovanju uvjerenje iz JU "Centar za socijalni rad" da li je njihov korisnik po bilo kom osnovu, za sve članove domaćinstva uvjerenje Porezne uprave, za sve članove domaćinstva | O4: https://novosarajevo.ba/userfiles/doc/files/Odluka_o_uslovima.pdf | P4: 12 mjeseci | Q4: Zahtjevi se podnose tokom čitave godine, ali se pravo ostvaruje jednom u toku kalendarske godine | R4: =IFERROR(VLOOKUP(Table2[[#This Row],[Adresa]],Sheet1!$A$1:$C$20,2,0),0) -> 43.851797 | S4: =IFERROR(VLOOKUP(Table2[[#This Row],[Adresa]],Sheet1!$A$1:$C$20,2,0),0) -> 43.851797
A5: 5 | B5: Usluga kućne njege i pomoći u kući od strane osoblja Gerontološkog centra | C5: Zdravstvena njega polupokretnih i nepokretnih starih, iznemoglih, bolesnih i invalidnih osoba, koje ne zahtijevaju bolnički tretman ili je isti završen i kod kojih se svrha pružanja odgovarajuće pomoći može ostvariti u njihovoj kući. Pomoć u kući obuhvata različite usluge, kojima se pruža pomoć starijim osobama u njihovim domovima i olakšava život u starosti. Ove usluge podrazumijevaju pomoć u domaćinstvu u smislu održavanja higijene prostora u kome korisnik živi, usluge higijene ličnog i posteljnog rublja, pomoć u ishrani dostavom obroka hrane na adresu korisnika, pomoć u nabavci namirnica i lijekova, usluge raznih kućnih opravki i druge neophodne usluge. | D5: Treća životna dob | F5: Socijalna zaštita | G5: KJU “Gerontološki centar” putem JU Kantonalni centar za socijalni rad. | H5: Reisa Džemaludina Čauševića 1, Sarajevo | I5: https://www.gcs.ba/ | J5: +387 33 777 260 | K5: mirsada@kcsr.ba <mirsada@kcsr.ba>; | L5: Zakon o osnovama socijalne zaštite, zaštite civilnih žrtava rata i zaštite porodice sa djecom („Službene novine FBiH“ broj: 36/99, 54/04, 39/06, 14/09, 45/16, 40/18), član 12 i 19 i 47 Zakon o socijalnoj zaštiti, zaštiti civilnih žrtava rata i zaštiti porodice sa djecom („Službene novine Kantona sarajevo“ br. 38/14 – Prečišćeni tekst, 38/16, 44/17 i 28/18), član 7 i 89, Pravilnik o načinu prijema i otpustu korisnika usluga Kantonalne javne ustanove „Gerontološki centar“ Sarajevo broj 12-783/18 od 04.06.2018. godine i Pravilnik o izmjenama i dopunama Pravilnika o načinu prijema i otpustu korisnika usluga Kantonalne javne ustanove „Gerontološki centar“ Sarajevo, broj:12-1678/18 od 28.12.2018. godine | M5: Zahtjev mogu podnijeti: srodnici, Centar za socijalni rad, zdravstvena ustanova itd. | N5: Kopija lične karte, ovjerena kopija zdravstvene knjižice, kopija posljednjeg čeka od penzije (ukoliko je osoba penzioner), kopija zdravstvene dokumentacije (nalazi ne stariji od 6 mjeseci) | O5: https://www.gcs.ba/publikacija/zahtjev%20za%20kucnu%20njegu.pdf | Q5: Cijena usluga Kućne njege i pomoći u kući naplaćuje se po satu i iznosi 10,00 KM. | R5: =IFERROR(VLOOKUP(Table2[[#This Row],[Adresa]],Sheet1!$A$1:$C$20,2,0),0) -> 43.857349 | S5: =IFERROR(VLOOKUP(Table2[[#This Row],[Adresa]],Sheet1!$A$1:$C$20,2,0),0) -> 43.857349
A6: 6 | B6: Kupovina lijekova penzionerima i licima preko 60 godina starosti bez primanja | C6: Samo za osobe za prebivalištem u Općini Centar, Sarajevo | D6: Treća životna dob | E6: Penzioner ili lice starije od 60. godina bez primanja | F6: Socijalna zaštita | G6: Općina Centar | H6: Mis Irbina 1, 71000 Sarajevo, BiH | I6: https://www.centar.ba/gradjani/put-do-prava/porodica/treca-zivotna-dob | J6: 38733562379 | K6: info@centar.ba | M6: Osnovni uvjeti za ostvarivanje prava su: prebivalište na području općine Centar Sarajevo od najmanje jedne godine do dana podnošenja zahtjeva ili boravište po osnovu statusa raseljene osobe; da je podnosilac zahtjeva penzioner ili lice starije od 60. godina bez primanja; da se lijek za koji se traži jednokratna novčana pomoć ne finansira ili djelimično sufinansira putem Zavoda zdravstvenog osiguranja; da ukupna primanja porodičnog domaćinstva podnosioca zahtjeva ne prelaze iznos dvije minimalne penzije ostvarene u FBiH prema posljednjim statističkim pokazateljima. | N6: Uvjerenje o kretanju za podnosioca zahtjeva; Prijava prebivališta za članove porodičnog domaćinstva podnosioca zahtjeva; Kućna lista; Dokaz da je podnosilac zahtjeva penzioner ili lice preko 60 godina bez primanja; Potvrda o visini primanja za sve punoljetne članove domaćinstva; Dokaz o nezaposlenosti članova porodičnog domaćinstva ukoliko nisu u radnom odnosu; Preporuka nadležnog ljekara o potrebi korištenja određenog lijeka; Predračun apoteke za lijek koji je potreban a koji se ne finansira ili sufinansira putem Zavoda zdravstvenog osiguranja KS. | O6: https://www.centar.ba/gradjani/put-do-prava/socijalna-zastita/socijalna-zastita/kupovina-lijekova-penzionerima-i-licima-preko-60-godina-starosti-bez-primanja | Q6: Za socijalno ugrožene | R6: =IFERROR(VLOOKUP(Table2[[#This Row],[Adresa]],Sheet1!$A$1:$C$20,2,0),0) -> 43.857201 | S6: =IFERROR(VLOOKUP(Table2[[#This Row],[Adresa]],Sheet1!$A$1:$C$20,2,0),0) -> 43.857201
A7: 7 | B7: Posebni programi za osobe oboljele od teških i rijetkih bolesti (npr. enteralna prehrana za djecu i odrasle, bezglutensko brašno za osobe oboljele od celijakije) | C7: Pravo na liječenje rijetkih i teških oboljenja po posebnim protokolima (reumatoidini artritis, juvenilni idiopatski artritis, enteralna prehrana, bezglutensko brašno za oboljele od celijaklije): 1. Lijekovi za oboljele od plućne arterijske hipertenzije 2. Lijekovi za palijativnu njegu 3. Lijekovi za liječenje tuberkuloznih pacijenata nakon bolničkog liječenja 4. Biološka terapija za oboljele od juvenilnog idiopatskog artritisa i plak psorijaze kod djece 5. Biološka terapija za oboljele od reumatoidnog artritisa 6. Lijekovi za oboljele od cistične fibroze 7. Lijekovi za oboljele od akromegalije 8. Enteralna prehrana za djecu i odrasle 9. Lijekovi (hormonalna terapija) za lica sa utvrđenom apsolutnom deficijencijom hormona rasta 10. Bezglutensko brašno za oboljele od celijaklije | D7: Predškolska dob; školska dob; radni vijek; treća životna dob | E7: Svi | F7: Zdravstvena zaštita | G7: Zavod zdravstvenog osiguranja Kantona Sarajevo/zdravstvene ustanove | H7: Ložionička 2, 71000 Sarajevo, Bosna i Hercegovina | I7: https://www.kzzosa.ba/ | J7: 38733725207 | K7: info@kzzosa.ba | L7: Posebni protokoli (zaključuju se na godišnjem nivou, dostupni na stranici Zavoda, rubrika Javnost rada) | M7: Ovlašteni ljekari (posebno utvrđeni po svakom protokolu) predlažu, a u odnosu na raspoloživa sredstva, komisija odobrava. Zdravstvena ustanova u kojoj su propisivači direktno podnosi zahtjev za uključivanjem pacijenta, a nakon odobrenja, na osnovu propisanog recepta pacijent ostvaruje pravo na lijek/sredstvo u apotekama ili neposredno u zdravstvenim ustanovama (ukoliko se po prirodi protokola liječenja, lijek aplicira samo u bolničkim uslovima) | R7: =IFERROR(VLOOKUP(Table2[[#This Row],[Adresa]],Sheet1!$A$1:$C$20,2,0),0) -> 43.85633 | S7: =IFERROR(VLOOKUP(Table2[[#This Row],[Adresa]],Sheet1!$A$1:$C$20,2,0),0) -> 43.85633
A8: 8 | B8: Medicinska rehabilitacija/banjsko liječenje kao produženo bolničko liječenje | C8: Pravo na medicinsku rehabilitaciju u ugovornim banjama | D8: Predškolska dob; školska dob; radni vijek; treća životna dob | E8: Svi | F8: Zdravstvena zaštita | G8: Zavod zdravstvenog osiguranja Kantona Sarajevo | H8: Ložionička 2, 71000 Sarajevo, Bosna i Hercegovina | I8: https://www.kzzosa.ba/ | J8: 38733725207 | K8: info@kzzosa.ba | L8: Odluka o utvrđivanju osnovnog paketa zdravstvenih prava ("Sl.novine FBiH" br. 21/09) | M8: Ovlašteni ljekar/propisivač (neurolog, kardiolog itd) izdaju preporuku za medicinsku rehabilitaciju, koja se ovjerava u ZZO KS i osiguranik upućuje na medicinsku rehabilitaciju do 21 dana | N8: Osigurano lice, nakon što mu ovlašteni ljekar popuni prijedlog za medicinsku rehabilitaciju, u poslovnicu Zavoda predaje: prijedlog za medicinsku rehabilitaciju, kopiju zdravstvene knjižice, kopiju medicinske dokumentacije. | O8: https://www.kzzosa.ba/wp-content/uploads/2023/08/Procedura-o-utvrdjivanju-prava-osiguranih-osoba-na-medicinsku-rehabilitaciju-11_2022.pdf | R8: =IFERROR(VLOOKUP(Table2[[#This Row],[Adresa]],Sheet1!$A$1:$C$20,2,0),0) -> 43.85633 | S8: =IFERROR(VLOOKUP(Table2[[#This Row],[Adresa]],Sheet1!$A$1:$C$20,2,0),0) -> 43.85633
A9: 9 | B9: Medicinska sredstva - ortopedska pomagala (npr. invalidska kolica, pelene, GPS narukvice za djecu, perike od prirodne kose za djecu, senzori, inzulinske pumpice) | C9: Pravo na medicinska sredstva/ortopedska pomagala za osiguranike u Kantonu Sarajevo: Lista medicinskih sredstava/ortopedskih pomagala na koje, na preporuku nadležnog ljekara, osiguranici Kantona Sarajevo, ostvaruju pravo u okviru obaveznog zdravstvenog osiguranja: A - Ortopedska medicinska sredstva: 1) protetička sredstva (proteze); 2) ortotička sredstva (ortoze); 3) ortopedske cipele i ortopedski ulošci; 4) invalidska kolica; 5) pomoćna medicinskog sredstva za olakšavanje kretanja; 6) antidekubitalni dušek; 7) sanitarna medicinska sredstva; B - Očna i tiflotehnička medicinska sredstva: 1) očna medicinska sredstva; 2) tiflotehnička medicinska sredstva; C - Slušna medicinska sredstva i medicinska sredstva za omogućavanje glasnog govora: 1) slušna medicinska sredstva; 2) medicinska sredstva za omogućavanje glasnog govora; D - Stomatološka medicinska sredstva 1) Parcijalna proteza 2) Totalna proteza 3) Pokretni ortodontski aparat 4) Fiksni ortodontski apparat E - Ostala medicinska sredstva: 1) medicinska sredstva za disanje; 2) vještačka dojka i grudnjak; 3) medicinska sredstva za gastrointestinalni i urogenitalni sistem; 4) pelene i anatomski ulošci; 5) medicinska sredstva kod šećerne bolesti (trakice za šećer, senzori za kontinuirano mjerenje šećera u krvi, inzulinska pumpa); 6) zavojni materijali; 7) kompresivni materijali koji se koriste kod limfedema; 8) GPS narukvica za djecu; 9) Perika od prirodne kose za djecu; F - Medicinska sredstva koja se koriste pri operativnim zahvatima u bolničkim zdravstvenim ustanovama: 1) endoproteze zglobova; 2) vaskularne endoproteze; 3) elektrostimulator srca sa pripadajućom elektrodom 4) stapleri i mrežice; 5) proteze dojke i ekspander; 6) intraokularne leće. | D9: Predškolska dob; školska dob; radni vijek; treća životna dob | E9: Svi | F9: Zdravstvena zaštita | G9: Zavod zdravstvenog osiguranja Kantona Sarajevo | H9: Ložionička 2, 71000 Sarajevo, Bosna i Hercegovina | I9: https://www.kzzosa.ba/ | J9: 38733725207 | K9: info@kzzosa.ba | L9: Odluka o obimu, uslovima i načinu ostvarivanja prava osiguranih lica Kantona Sarajevo na medicinska sredstva ("Službene novine Kantona Sarajevo", broj: 22/20, 30/21, 42/22 i 48/22) | M9: Ovlašteni ljekar/propisivač )ljekar porodične medicine, neurolog, dijabetolog itd.) popunjavaju obrazac o pravu na medicinsko sredstvo koji se ovjerava u ZZO KS i nakon toga osiguranik preuzima propisano medicinsko sredstvo u apotekama i/ili specijaliziranim trgovinama za promet medicinskim sredstvima | N9: Osigurano lice, nakon što mu ovlašteni ljekar popuni obrazac za medicinsko sredstvo, u poslovnicu Zavoda predaje: obrazac o preporuci medicinskog sredstva, kopiju zdravstvene knjižice, kopiju medicinske dokumentacije. | O9: https://www.kzzosa.ba/wp-content/uploads/2023/08/Uputstvo-o-nacinu-i-postupku-ostvarivanja-prava-na-koristenje-medicinskih-sredstava-u-ZZO-KS-11_22.pdf | Q9: ZA OVAJ POSTUPAK DODATI SVE POTREBNE KOPIJE DOKUMENATA | R9: =IFERROR(VLOOKUP(Table2[[#This Row],[Adresa]],Sheet1!$A$1:$C$20,2,0),0) -> 43.85633 | S9: =IFERROR(VLOOKUP(Table2[[#This Row],[Adresa]],Sheet1!$A$1:$C$20,2,0),0) -> 43.85633
A10: 10 | B10: Medicinsko - sanitetski materijal za RVI sa područja Kantona Sarajevo | C10: Ostvarivanje prava RVI-a na medicinsko - sanitetski materijal. Ova mapa na naglašava specifičan skup prava koja su eksluzivno vezana za ratni invaliditet i koja su priznata isključivo osobama sa statusam RVI ili članovima njihovih porodica. | D10: Radni vijek; treća životna dob | E10: Svi | F10: Zdravstvena zaštita | G10: Ministarstvo zdravstva KS | H10: Reisa Džemaludina Čauševića 1, Sarajevo | I10: https://mz.ks.gov.ba/ | J10: 38733562027 | K10: jasminka.ramic@mz.ks.gov.ba | L10: Zakon o dopunskim pravima boraca-branitelja Bosne i Hercegovine, član 7. (“Službene novine FBiH” br:2/02 i 28/03 ); Odluka o proširenom obimu prava za korištenje ortopedskih pomagala, lijekova, medicinsko-sanitetskih sprava i materijala za ratne vojne invalide sa područja Kantona Sarajevo, član 1. (“Službene novine Kantona Sarajevo” br: 13/04, 11/06 i 16/11 ) | N10: https://mz.ks.gov.ba/node/7923 | O10: https://mz.ks.gov.ba/node/7923 | R10: =IFERROR(VLOOKUP(Table2[[#This Row],[Adresa]],Sheet1!$A$1:$C$20,2,0),0) -> 43.857349 | S10: =IFERROR(VLOOKUP(Table2[[#This Row],[Adresa]],Sheet1!$A$1:$C$20,2,0),0) -> 43.857349
A11: 11 | B11: Novčana pomoć i upućivanje na dijagnostiku i liječenje djece | C11: Pravo na liječenje/dijagnostiku na teret ZZO KS, odnosno refundaciju troškova liječenja/dijagnostike izvan Kantona Sarajevo (odobravanje sredstava do 60.000KM) | D11: Predškolska dob; školska dob | E11: Djeca i mladi | F11: Zdravstvena zaštita | G11: Zavod zdravstvenog osiguranja Kantona Sarajevo | H11: Ložionička 2, 71000 Sarajevo, Bosna i Hercegovina | I11: https://www.kzzosa.ba/ | J11: 38733725207 | K11: info@kzzosa.ba | L11: Odluka o utvrđivanju programa za dijagnostiku i liječenje teško oboljele djece | M11: Zahtjev za refundaciju troškova, odnosno za plaćanje troškova po izdatom predračunu, se dostavlja ZZO KS (odlučuje posebna komisija). Uz zahtjev se dostavlja medicinska dokumentacija iz koje se može cijeniti oboljenje, te utvrditi da se u ugovornim ustanovama KS usluga ne može pružiti, originalni račun ili predračun, potvrda prebivališta. Pravo se ne odnosi na listu oboljenja koja finansira Fond solidarnosti pri Zavodu zdravstvenog osiguranja i reosiguranja FBiH | N11: Uz zahtjev (nema propisanog obrasca) dostaviti: dokaz da je dijete osigurano u Kantonu Sarajevo, potvrdu/dopis/konzilijarno mišljenje/nalaz jedne od bolničkih zdravstvenih ustanova KS iz koje vidljivo da usluge za koje se traže sredstva nije moguće osigurati unutar iste, preporuku nadležne zdravstvene ustanove gdje se usluga može pružiti (nije obavezno), fotokopija medicinske dokumentacije, ukoliko je od liječenja do podnošenja zahtjeva proteklo više od 6 mjeseci - obrazloženje za kašnjenje sa podnošenjem zahtjeva, originalni računi (ukoliko se traži refundacija), odnosno predračuni (ukoliko se traži prethodno odobrenje) | O11: https://www.kzzosa.ba/wp-content/uploads/2023/08/POSLOVNIK-O-RADU-KOMISIJE-ZA-TESKO-OBOLJELU-DJECU-SA-KS-IZVAN-KS.pdf | R11: =IFERROR(VLOOKUP(Table2[[#This Row],[Adresa]],Sheet1!$A$1:$C$20,2,0),0) -> 43.85633 | S11: =IFERROR(VLOOKUP(Table2[[#This Row],[Adresa]],Sheet1!$A$1:$C$20,2,0),0) -> 43.85633
A12: 12 | B12: Novčana pomoć za nabavku GPS narukvica | C12: Pravo na dodjelu novčane pomoći ostvaruju djeca/osobe sa poteškoćama u razvoju/invaliditetom, težim i teškim intelektualnim poteškoćama sa područja Općine Novi Grad Sarajevo, na osnovu dostavljene medicinske dokumentacije koju daje izabrani doktor/specijalista, na osnovu koje je utvrđena potreba za medicinskim pomagalom, kao i druga dokumetacija kojom se dokazuje potreba za korištenje istog. | D12: Predškolska dob; školska dob | E12: Djeca | F12: Zdravstvena zaštita | G12: Općina Novi Grad Sarajevo | H12: Bulevar Meše Selimovića 97 71000 Sarajevo, BiH | I12: https://www.novigradsarajevo.ba | J12: 38733291190 | K12: adisasuman@novigradsarajevo.ba | L12: Tekući transferi, na osnovu Zakona o principima lokalne samouprave u Federaciji Bosne i Hercegovine (“Službene novine Federacije Bosne i Hercegovine” broj: 49/06 i 51/09), člana 9. i 15. Odluke o organizaciji jedinstvenog općinskog organa uprave Općine Novi Grad Sarajevo (“Službene novine Kantona Sarajevo” broj 6/17), Budžeta Općine Novi Grad Sarajevo za 2023. godinu („Službene novine Kantona Sarajevo“, broj: 2/23) | M12: Zahtjev prema općini | N12: zahtjev dostavljen putem protokola Općine Novi Grad Sarajevo, prijave mjesta prebivališta – na uvid, dokumentacije koju daje izabrani doktor/specijalista na osnovu koje je utvrđena potreba za medicinskim pomagalom, kao i druga dokumetacija kojom se dokazuje potreba za korištenje istog, predračun za nabavku GPS narukvice, po potrebi i drugi dokazi iz kojih je vidljiva opravdanost zahtjeva, izjava o saglasnosti za obradu ličnih podataka u vezi sa predmetnim zahtjevom. | O12: https://www.novigradsarajevo.ba/news/invitation/j-a-v-n-i-p-o-z-i-v-o-dodjeli-novcane-pomoci-za-nabavku-gps-narukvica-djeci-osobama-sa-poteskocama-u-razvoju-invaliditetom-sa-podrucja-opcine-novi-grad-sarajevo/#:~:text=Ostvarivanje%20prava%20na%20nov%C4%8Danu%20pomo%C4%87%20za%20nabavku%20GPS,maksimalnom%20iznosu%20do%20350%2C00%20KM%2C%20po%20dostavljenom%20predra%C4%8Dunu. | Q12: Transferi, samo na općini Novi Grad Sarajevo | R12: =IFERROR(VLOOKUP(Table2[[#This Row],[Adresa]],Sheet1!$A$1:$C$20,2,0),0) -> 43.846663 | S12: =IFERROR(VLOOKUP(Table2[[#This Row],[Adresa]],Sheet1!$A$1:$C$20,2,0),0) -> 43.846663
A13: 13 | B13: Ocjenjivanje sposobnosti, razvrstavanje djece i omladine ometene u psiho-fizičkom razvoju | C13: Utvrđivanja preostale sposobnosti i razvrstavanja djece i omladine, vodi se do navršene 18. godine života djeteta. | D13: Predškolska dob; školska dob | E13: Djeca | F13: Socijalna zaštita | G13: Kantonalni centar za socijalni rad | H13: Gatačka 80, Sarajevo | I13: https://kcsr.ba/ | J13: 38733723640 | K13: info@kcsr.ba | L13: Pravilnik o utvrđivanju preostale sposobnosti i razvrstavanju djece i omladine ometene u psiho-fizičkom razvoju KS | N13: https://kcsr.ba/file/kcsr21/274 | O13: https://kcsr.ba/file/kcsr21/274 | R13: =IFERROR(VLOOKUP(Table2[[#This Row],[Adresa]],Sheet1!$A$1:$C$20,2,0),0) -> 43.843953 | S13: =IFERROR(VLOOKUP(Table2[[#This Row],[Adresa]],Sheet1!$A$1:$C$20,2,0),0) -> 43.843953
A14: 14 | B14: Osposobljavanje za samostalan život i rad kroz srednje obrazovanje | C14: Djeca ometena u fizičkom ili psihičkom razvoju sa navršenih 15 godina, odnosno 18 godina života, ostvaruju pravo na školovanje i osposobljavanje za samostalni život i rad kroz redovne srednje škole ili srednje škole specijalnog tipa koje mogu imati internatski smještaj. | D14: Školska dob | E14: Djeca | F14: Socijalna zaštita | G14: Kantonalni centar za socijalni rad | H14: Gatačka 80, Sarajevo | I14: https://kcsr.ba/ | J14: 38733723635 | K14: mirsada@kcsr.ba | L14: Zakon o osnovama socijalne zaštite zaštite civilnih žrtava rata i zaštite porodice sa djecom Federacije BiH Zakon o socijalnoj zaštiti, zaštiti civilnih žrtava rata i zaštiti porodice sa djecom Kantona Sarajevo | N14: https://kcsr.ba/file/kcsr20/273 | O14: https://kcsr.ba/file/kcsr20/273 | R14: =IFERROR(VLOOKUP(Table2[[#This Row],[Adresa]],Sheet1!$A$1:$C$20,2,0),0) -> 43.843953 | S14: =IFERROR(VLOOKUP(Table2[[#This Row],[Adresa]],Sheet1!$A$1:$C$20,2,0),0) -> 43.843953
A15: 15 | B15: Pravo na ličnu invalidninu, dodatak za njegu i pomoć drugog lica i ortopedski dodatak | C15: Licima sa invaliditetom i grupe sa 100% tjelesnog oštećenja i licima sa invaliditetom II grupe sa 90% tjelesnog oštećenja i civilne žrtve rata omogućiti ostvarivanje prava na ličnu invalidninu, dodatak za njegu i pomoć od strane drugog lica i ortopedski dodatak. Zakon definira civilne žrtve rata: - Osobe sa najmanje 20% tjelesnih oštećenja uslijed ratnih događaja, pod uslovom da su u vrijeme incidenta bili civili.  Osobe koje su pretrpjele seksualno zlostavljanje ili silovanje tokom rata, uključujući djecu rođenu od ratnog silovanja, bez obzira na status majke.  Članovi porodica civila poginulih ili nestalih usljed ratnih dešavanja.  Dodatno, bosanskim državljanima koji borave u Federaciji i koji su pogođeni ratnim događajima priznaje se ako nemaju koristi od drugih propisa. | D15: Predškolska dob; školska dob; radni vijek; treća životna dob | E15: Svi | F15: Socijalna zaštita | G15: Kantonalni centar za socijalni rad | H15: Gatačka 80, Sarajevo | I15: https://kcsr.ba/ | J15: 38733723635 | K15: mirsada@kcsr.ba | L15: Zakon o osnovama socijalne zaštite zaštite civilnih žrtava rata i zaštite porodice sa djecom Federacije BiH Zakon o socijalnoj zaštiti, zaštiti civilnih žrtava rata i zaštiti porodice sa djecom Kantona Sarajevo | M15: (uvjerenje se pribavlja u općini prebivališta /boravišta podnosioca zahtjeva) (uvjerenje se pribavlja u općini prebivališta podnosioca zahtjeva) | N15: https://kcsr.ba/file/kcsr13/268 | O15: https://kcsr.ba/file/kcsr13/268 | P15: 60 | R15: =IFERROR(VLOOKUP(Table2[[#This Row],[Adresa]],Sheet1!$A$1:$C$20,2,0),0) -> 43.843953 | S15: =IFERROR(VLOOKUP(Table2[[#This Row],[Adresa]],Sheet1!$A$1:$C$20,2,0),0) -> 43.843953
A16: 16 | B16: Pravo na novčanu naknadu za pomoć i njegu od strane druge osobe (lica iznad 65 godina života) | C16: Ostvarivanje prava na novčanu naknadu za pomoć i njegu od strane druge osobe licima starijim od 65.godina, kojima je zbog trajnih promjena u zdravstvenom stanju prijeko potrebna pomoć i njega od strane druge osobe za zadovoljavanje njihovih osnovnih životnih potreba. Ovim postupkom se obezbjeđuje sredstava kojima finansiraju troškove angažovanja druge osobe, te se realizira u suradnji sa nadležnim općinama | D16: Treća životna dob | E16: 65+ | F16: Socijalna zaštita | G16: Kantonalni centar za socijalni rad - preko općinskih službi (općina prema mjestu prebivališta) | H16: Gatačka 80, Sarajevo | I16: https://kcsr.ba/ | J16: 38733723635 | K16: mirsada@kcsr.ba | L16: Zakon o osnovama socijalne zaštite zaštite civilnih žrtava rata i zaštite porodice sa djecom Federacije BiH Zakon o socijalnoj zaštiti, zaštiti civilnih žrtava rata i zaštiti porodice sa djecom Kantona Sarajevo | M16: (općina prema mjestu prebivališta podnosioca zahtjeva) (dokaz o primanjima – potvrda o visini ličnog dohotka, potvrda Službe za zapošljavanje, potvrda PIO, potvrda škole/fakulteta) (poreska uprava -prema mjestu prebivališta/boravišta podnosioca zahtjeva) | N16: https://kcsr.ba/file/kcsr6/263 | O16: https://kcsr.ba/file/kcsr6/263 | P16: 60 | R16: =IFERROR(VLOOKUP(Table2[[#This Row],[Adresa]],Sheet1!$A$1:$C$20,2,0),0) -> 43.843953 | S16: =IFERROR(VLOOKUP(Table2[[#This Row],[Adresa]],Sheet1!$A$1:$C$20,2,0),0) -> 43.843953
A17: 17 | B17: Pravo na novčanu naknadu za vrijeme čekanja na zaposlenje | C17: Obezbijediti novčana sredstva osobama ometenim u psihičkom i fizičkom razvoju, koje su osposobljenje za rad, a koje čekaju na zaposlenje, pod uvjetom da se redovno javljaju Službi za zapošljavanje Kantona Sarajevo. | D17: Radni vijek | E17: Svi | F17: Socijalna zaštita | G17: Kantonalni centar za socijalni rad - preko općinskih službi (općina prema mjestu prebivališta) | H17: Gatačka 80, Sarajevo | I17: https://kcsr.ba/ | J17: 38733723635 | K17: mirsada@kcsr.ba | L17: Zakon o osnovama socijalne zaštite zaštite civilnih žrtava rata i zaštite porodice sa djecom Federacije BiH Zakon o socijalnoj zaštiti, zaštiti civilnih žrtava rata i zaštiti porodice sa djecom Kantona Sarajevo. Zakon o Radu FBiH: "Član 8. Zaposlenik, kome prestane radni odnos, prijavom službi za zapošljavanje, ostvaruje pravo na zdravstvenu zaštitu u slucaju bolesti i invalidnosti, pravo na materijalno osiguranje i druga prava za vrijeme nezaposlenosti, u skladu sa zakonom." | M17: (matični ured mjesta rodjenja maloljetne osobe) | N17: 1. Kopija lične karte; 2. Kopija prijave mjesta boravišta–prebivališta; 3. Kopija rodnog lista; 4. Potvrda sa Biroa za zapošljavanje; 5. Uvjerenje PIO–MIO; 6. Uvjerenje o kretanju iz MUP–a; 7. Kopija svjedočanstva; 8. Kopija diplome; 9. Potvrda mjesne zajednice; 10. Nalaz o kategorizaciji. Napomena: Sve kopije moraju biti ovjerene u općinskom organu uprave. | O17: https://kcsr.ba/file/kcsr9/266 | P17: 60 | R17: =IFERROR(VLOOKUP(Table2[[#This Row],[Adresa]],Sheet1!$A$1:$C$20,2,0),0) -> 43.843953 | S17: =IFERROR(VLOOKUP(Table2[[#This Row],[Adresa]],Sheet1!$A$1:$C$20,2,0),0) -> 43.843953
A18: 18 | B18: Pravo na poslovnu rehabilitaciju | C18: Osobe sa 60 % i više invaliditeta da imaju pravo na finansiranje /sufinansiranje troškova profesionalne rehabilitacije kroz vanredno srednje školovanje, visoko stručno obrazovanje ili postdiplomsko studiranje. | D18: Radni vijek | E18: Svi | F18: Obrazovanje | G18: Fond za profesionalnu rehabilitaciju | H18: Vilsonovo šetalište 10 | I18: https://fond.ba/ | J18: 38733717740 | K18: info@fond.ba | L18: Zakon o profesionalnoj rehabilitaciji, osposobljavanju i zapošljavanju osoba sa invaliditetom („Sl. novine FBiH“ 9/10), Fond za profesionalnu rehabilitaciju i zapošljavanje osoba sa invaliditetom objavljuje javne pozive iz oblasti profesionalne rehabilitacije (Fond). | M18: Prijava na javni poziv od strane Fonda | N18: Dvije (2) mjenične izjave Mjenične izjave ćete dobiti u Fondu ali ukoliko osoba sa invaliditetom opunomoćuje nekoga drugog za potpis Ugovora, dužna je po istom dostaviti dvije mjenične izjave koje može preuzeti OVDJE. Na ove mjenične izjave, osoba sa invaliditetom dužna je staviti samo pečat i potpis bez popunjavanja ostalih podataka. Ukoliko se neko drugi ovlašćuje da potpiše Ugovor sa Fondom, potrebno je dostaviti punomoć ovjerenu kod notara ili punomoć koja je ovjerena u općini, u kojoj piše „Da može potpisati ugovor sa Fondom za profesionalnu rehabilitaciju i zapošljavanje osoba sa invaliditetom i svu ostalu dokumentaciju vezano za zaključenje ugovora“. Potvrda o priznavanju prava na profesionalnu rehabilitaciju od strane Službe za zapošljavanje ukoliko nije dostavljena uz aplikaciju (ORIGINAL). Dokaz o izvršenom upisu u predmetnu školsku/akademsku godinu (ugovor o školovanju/studiranju – ovjerena fotokopija ili potvrda obrazovne ustanove – original), ukoliko ista nije dostavljena uz aplikaciju. Potvrda banke sa naznačenim brojem tekućeg računa za osobu sa invaliditetom – lični račun ne starija od 15 dana. Ukoliko je osoba u međuvremenu uplatila sredstva za školovanje obrazovnoj ustanovi (djelimično ili u potpunosti), dostavlja originalni dokaz o uplati sredstava (virman, uplatnica, potvrda školske ustanove) ukoliko isti nije dostavila uz aplikaciju. | O18: https://fond.ba/uputstvo-za-potpisivanje-ugovora-programi-9/ | Q18: Federalni nivo! | R18: =IFERROR(VLOOKUP(Table2[[#This Row],[Adresa]],Sheet1!$A$1:$C$20,2,0),0) -> 43.853588 | S18: =IFERROR(VLOOKUP(Table2[[#This Row],[Adresa]],Sheet1!$A$1:$C$20,2,0),0) -> 43.853588
A19: 19 | B19: Pravo na stalnu novčanu pomoć | C19: Ostvarivanje prava na materijalnu pomoć licima nesposobnim za rad, bez sredstava za život i srodnika koji su po Zakonu obavezni na izdržavanje. | D19: Predškolska dob; školska dob; radni vijek; treća životna dob | E19: Svi | F19: Socijalna zaštita | G19: Kantonalni centar za socijalni rad | H19: Gatačka 80, Sarajevo | I19: https://kcsr.ba/ | J19: 38733723635 | K19: mirsada@kcsr.ba | L19: Zakon o osnovama socijalne zaštite zaštite civilnih žrtava rata i zaštite porodice sa djecom Federacije BiH Zakon o socijalnoj zaštiti, zaštiti civilnih žrtava rata i zaštiti porodice sa djecom Kantona Sarajevo | M19: (matični ured prema mjestu rodjenja maloljetne osobe) (dokaz o primanjima – potvrda o visini ličnog dohotka, potvrda službe za zapošljavanje, potvrda PIO, potvrda škole/fakulteta) (nadležna je općina prebivališta članova domaćinstva) (dokaz o kvadraturi stambenog prostora -utvrdjuje se od strane stručnih radnika -na terenu – općine koja vodi postupak po osnovu zahtjeva) (nadležna je služba općine za obavljanje poslova iz oblasti zaštite civilnih žrtava rata i zaštite porodice sa djecom) (matični ured prema mjestu rodjenja maloljetne osobe) (nadležna je općina prebivališta članova domaćinstva) (Prema prebivalištu podnosioca zahtjeva) | N19: https://kcsr.ba/file/kcsr4/262 | O19: https://kcsr.ba/file/kcsr4/262 | P19: 60 | R19: =IFERROR(VLOOKUP(Table2[[#This Row],[Adresa]],Sheet1!$A$1:$C$20,2,0),0) -> 43.843953 | S19: =IFERROR(VLOOKUP(Table2[[#This Row],[Adresa]],Sheet1!$A$1:$C$20,2,0),0) -> 43.843953
A20: 20 | B20: Pravo na zdravstvenu zaštitu | C20: Ostvarivanje prava od strane lica-korisnika stalne novčane pomoći i lica sa invaliditetom pravo na zdravstvenu zaštitu (pod uslovom da ga ne mogu ostvariti po drugom osnovu). | D20: Predškolska dob; školska dob; radni vijek; treća životna dob | E20: Svi | F20: Socijalna zaštita | G20: Kantonalni centar za socijalni rad | H20: Gatačka 80, Sarajevo | I20: https://kcsr.ba/ | J20: 38733723635 | K20: mirsada@kcsr.ba | L20: Zakon o osnovama socijalne zaštite zaštite civilnih žrtava rata i zaštite porodice sa djecom Federacije BiH Zakon o socijalnoj zaštiti, zaštiti civilnih žrtava rata i zaštiti porodice sa djecom Kantona Sarajevo | M20: (prema mjestu prebivališta podnosioca zahtjeva) | N20: https://kcsr.ba/file/kcsr7/264 | O20: https://kcsr.ba/file/kcsr7/264 | P20: 60 | R20: =IFERROR(VLOOKUP(Table2[[#This Row],[Adresa]],Sheet1!$A$1:$C$20,2,0),0) -> 43.843953 | S20: =IFERROR(VLOOKUP(Table2[[#This Row],[Adresa]],Sheet1!$A$1:$C$20,2,0),0) -> 43.843953
A21: 21 | B21: Priznavanje statusa roditelja njegovatelja | C21: Priznavanje statusa roditelja njegovatelja | D21: Predškolska dob; školska dob; radni vijek | E21: Djeca | F21: Socijalna zaštita | G21: Kantonalni centar za socijalni rad | H21: Gatačka 80, Sarajevo | I21: https://kcsr.ba/ | J21: 38733723635 | K21: mirsada@kcsr.ba | L21: Zakon o roditeljima njegovateljima u Federaciji BiH | M21: Da bi neko ostvario status roditelja njegovatelja te po osnovu statusa pravo na materijalnu podršku u vidu mjesečne naknade i pripadajućih doprinosa, potrebno je da podnese zahtjev (obrazac Zahtjeva se nalazi na Web stranici JU „Kantonalni Centar za socijalni rad u poglavlju Obrazci pod rednim brojem KCSR 23... ) Službi socijalne zaštite općine na čijem području ima posljednje prebivalište/ boravište. Podnosioci su dužni uz zahtjev priložiti dokaze navedene u Obrazcu zahtjeva. Pored toga, osobe koje ostvare pravo na status roditelja njegovatelja i po osnovu statusa pravo na materijalnu podršku, a koje imaju status rezidenta Federacije BiH i po osnovu statusa žele ostvariti pravo na osnovni lični odbitak i odbitke po osnovu izdržavanja članova uže porodice i po osnovu svog invaliditeta i invaliditeta članova porodice koje izdržavaju, moraju kod Porezne uprave Federacije pribaviti svoju poreznu karticu. | N21: https://kcsr.ba/file/kcsr-23/349 | O21: http://obrasci.pufbih.ba/images/stories/dohodak_docs/NoviObrazacPK1001hrv.pdf | R21: =IFERROR(VLOOKUP(Table2[[#This Row],[Adresa]],Sheet1!$A$1:$C$20,2,0),0) -> 43.843953 | S21: =IFERROR(VLOOKUP(Table2[[#This Row],[Adresa]],Sheet1!$A$1:$C$20,2,0),0) -> 43.843953
A22: 22 | B22: Refundacija troškova lijekova i liječenja | C22: Pravo na refundiranje troškova lijekova, medicinskih sredstava i liječenja koji nisu obuhvaćeni obaveznim zdravstvenim osiguranjem (odobravanje sredstava do 20.000KM) | D22: Predškolska dob; školska dob; radni vijek; treća životna dob | E22: Svi | F22: Zdravstvena zaštita | G22: Zavod zdravstvenog osiguranja Kantona Sarajevo | H22: Ložionička 2, 71000 Sarajevo, Bosna i Hercegovina | I22: https://www.kzzosa.ba/ | J22: 38733725207 | K22: info@kzzosa.ba | L22: Pravilnik o načinu ostvarivanja prava iz obaveznog zdravstvenog osiguranja ("Sl.novine FBiH" br 31/02 i 20/19) i odluke ZZOKS; Pravilnik o priznavanju troškova skupih covid lijekova i lijekova koji nisu obuhvaćeni Listom lijekova Kantona Sarajevo | M22: Zahtjev za refundaciju troškova lijeka, medicinskog sredstva ili liječenja koji nisu obuhvaćenim obaveznim zdravstvenim osiguranjem, a preporučeni su pacijentu, podnosi se ZZO KS (odlučuje posebna komisija). | N22: Uz zahtjev se dostavlja medicinska dokumentacija kojom je preporučeno lijek, liječenje ili medicinsko sredstvo, potvrda o prebivalištu i originalni račun o plaćenom lijeku, liječenju ili medicinskom sredstvu. | O22: https://www.kzzosa.ba/wp-content/uploads/2023/08/covid_lijek_pravilnik_20220516-1.pdf | R22: =IFERROR(VLOOKUP(Table2[[#This Row],[Adresa]],Sheet1!$A$1:$C$20,2,0),0) -> 43.85633 | S22: =IFERROR(VLOOKUP(Table2[[#This Row],[Adresa]],Sheet1!$A$1:$C$20,2,0),0) -> 43.85633
A23: 23 | B23: Smještaj u Gerontološki centar – Privatni ugovori potpisani sa fizičkim licima | C23: Osoba može ostvariti smještaj u Gerontološkom centru na osnovu podnesenog zahtjeva za smještaj i ugovora o smještaju zaključenog sa Gerontološkim centrom, ako ispunjava uslove propisane Pravilnikom o načinu prijema i otpustu korisnika usluga Kantonalne javne ustanove „Gerontološki centar“. | D23: Treća životna dob | F23: Socijalna zaštita | G23: KJU “Gerontološki centar” putem JU Kantonalni centar za socijalni rad. | H23: Aleja Bosne Srebrene 7 71000 Sarajevo | I23: https://www.gcs.ba | J23: 38733777260 | K23: info@gcs.ba | L23: Zakon o osnovama socijalne zaštite, zaštite civilnih žrtava rata i zaštite porodice sa djecom („Službene novine FBiH“ broj: 36/99, 54/04, 39/06, 14/09, 45/16, 40/18), član 12., 16., 19., 41. i 45. Zakon o socijalnoj zaštiti, zaštiti civilnih žrtava rata i zaštiti porodice sa djecom („Službene novine Kantona Sarajevo“ br. 38/14 – Prečišćeni tekst, 38/16, 44/17 i 28/18), član 7. i 89., Pravilnik o načinu prijema i otpustu korisnika usluga Kantonalne javne ustanove „Gerontološki centar“ Sarajevo broj 12-783/18 od 04. 06. 2018. godine i Pravilnik o izmjenama i dopunama Pravilnika o načinu prijema i otpustu korisnika usluga Kantonalne javne ustanove „Gerontološki centar“ Sarajevo, broj:12-1678/18 od 28. 12. 2018. godine | M23: • Status korisnika usluga smještaja u Gerontološkom centru može steći punoljetna osoba na osnovu ličnog zahtjeva osobe, zahtjeva člana njegove uže porodice ili zakonskog staratelja ukoliko ga ima ili druge fizičke osobe ukoliko osoba nema članova uže porodice ili isti borave izvan Bosne i Hercegovine i isti ovlaste drugu fizičku osobu da u njihovo ime podnese zahtjev i zaključi ugovor o korištenju usluga. Zahtjev za smještaj se podnosi u pisanom obliku, na propisanom obrascu, koji osim ličnih podataka osobe koja će koristiti uslugu, sadrži i podatke o podnosiocu zahtjeva, podatke o potpisniku / supotpisniku ugovora o smještaju te vrsti usluge. Kompletiran zahtjev sa potrebnom dokumentacijom neposredno se predaje šefu službe za socijalni rad ili socijalnom radniku Gerontološkog centra. Zahtjev obavezno potpisuju osobe koje će biti potpisnik i supotpisnik ugovora i na taj način prihvataju obavezu plaćanja ili nadoplaćivanja troškova (cijene) usluge (naručilac usluge-obveznik plaćanja). | N23: UVJERENJE O DRŽAVLJANSTVU, ne starije od 6 mjeseci – ovjerena kopija; IZVOD IZ MATIČNE KNJIGE ROĐENIH , ne stariji od 6 mjeseci – ovjerena kopija; LIČNA KARTA – ovjerena kopija (na uvid); POTVRDA O PRIJAVI PREBIVALIŠTA (CIPS), ne starija od 30 dana – ili ovjerena kopija; ZDRAVSTVENA KNJIŽICA – ovjerena kopija; POSLJEDNJI ČEK OD PENZIJE (ako je penzioner) – kopija; POTVRDA O OTVORENOM TEKUĆEM RAČUNU ZA KORISNIKA USLUGA (korisnik ima obavezu da otvori trajni nalog kojim će osigurati prijenos sredstava na transakcijski račun KJU „Gerontološki centar“ Sarajevo u svrhu plaćanja usluga, najkasnije sedam dana od dana prijema); RJEŠENJE O STARATELJSTVU (ako se radi o osobi pod starateljstvom) – ovjerena kopija; POTVRDA LJEKARA DA NE BOLUJE OD ZARAZNIH BOLESTI, NITI PSIHIČKOG OBOLJENJA, ne starija od 30 dana – ovjerena kopija; POTVRDA ZA PORODICE ŠEHIDA/POG. BORACA ILI RVI ILI CŽR; ZDRAVSTVENA DOKUMENTACIJA – nalazi ljekara, kao dokaz zdravstvenog stanja, ne starije od 6 mjeseci od dana podnošenja zahtjeva. | Q23: • Za nezavisne / pokretne korisnike – 407,00 KM mjesečno, Za zavisne / nepokretne korisnike – 627,00 KM mjesečno, Jednokrevetna soba – 700,00 KM mjesečno | R23: =IFERROR(VLOOKUP(Table2[[#This Row],[Adresa]],Sheet1!$A$1:$C$20,2,0),0) -> 43.833868 | S23: =IFERROR(VLOOKUP(Table2[[#This Row],[Adresa]],Sheet1!$A$1:$C$20,2,0),0) -> 43.833868
A24: 24 | B24: Smještaj u hospis | C24: Zbrinjavanje teško oboljelih u zdravstveno-socijalnoj ustanovi | D24: Predškolska dob; školska dob; radni vijek; treća životna dob | E24: Svi | F24: Zdravstvena zaštita | G24: Zavod zdravstveno osiguranja Kantona Sarajevo | H24: Ložionička 2, 71000 Sarajevo, Bosna i Hercegovina | I24: https://www.kzzosa.ba/ | J24: 38733725207 | K24: info@kzzosa.ba | L24: Ugovor sa zdravstveno-socijalnom ustanovom | M24: Porodični ljekari, prema kriterijumima utvrđenim od Ministarstva zdravstva KS, pacijenta u terminalnoj fazi bolesti upućuje u zdravstveno-socijalnu ustanovu na odgovarajuću skrb (medicinska i psihološka podrška) | R24: =IFERROR(VLOOKUP(Table2[[#This Row],[Adresa]],Sheet1!$A$1:$C$20,2,0),0) -> 43.85633 | S24: =IFERROR(VLOOKUP(Table2[[#This Row],[Adresa]],Sheet1!$A$1:$C$20,2,0),0) -> 43.85633
A25: 25 | B25: Smještaj u ustanovu, njega, rehabilitacija i socijalna zaštita – Dom za djecu bez roditeljskog staranja | C25: Cjelokupno zbrinjavanje, odgoj, školovanje, zdravstvena zaštita djece bez roditelja i djece čiji je razvoj ometen porodičnim prilikama. | D25: Predškolska dob; školska dob | E25: Djeca | F25: Socijalna zaštita | G25: Kantonalna javna ustanova Dom za djecu bez roditeljskog staranja Javna ustanova “Kantonalni centar za socijalni rad” – službe socijalne zaštite Ministarstvo za rad, socijalnu politiku, raseljena lica i izbjeglice Kantona Sarajevo | H25: Bjelave 52, 71000 Sarajevo, Bosna i Hercegovina | I25: https://dombjelave.ba/bs | J25: 38733209044 | K25: dombjelave@hotmail.com | L25: Član 85 Dom za socijalno i zdravstveno zbrinjavanje osoba sa invaliditetom i drugih osoba obavlja poslove socijalno-zdravstvenog zbrinjavanja odraslih tjelesno i mentalno invalidnih osoba, osoba sa trajnim smetnjama u fizičkom ili psihičkom razvoju, duševno oboljelih i hronično bolesnih osoba, osoba sa specifičnim oboljenjima, ako ne postoje osnovni uvjeti za smještaj u vlastitoj ili drugoj porodici ili drugoj ustanovi, a nije im neophodno bolničko liječenje ili je bolničko liječenje završeno. • Zakon o socijalnoj zaštiti, zaštiti civilnih žrtava rata i zaštiti porodice sa djecom („Službene novine Kantona Sarajevo“ br. 38/14 – Prečišćeni tekst, 38/16, 44/17 i 28/18); član 94. | N25: Zahtjev za smještaj; Rješenje o smještaju; Socijalna anamneza; Izvod iz matične knjige rođenih; Zdravstvena knjižica; Medicinska dokumentacija (ukoliko dijete ima zdravstvene poteškoće) i Rješenje o starateljstvu (ukoliko je dijete pod starateljstvom nadležne službe). | R25: =IFERROR(VLOOKUP(Table2[[#This Row],[Adresa]],Sheet1!$A$1:$C$20,2,0),0) -> 43.856849 | S25: =IFERROR(VLOOKUP(Table2[[#This Row],[Adresa]],Sheet1!$A$1:$C$20,2,0),0) -> 43.856849
A26: 26 | B26: Smještaj u ustanovu, njega, rehabilitacija i socijalna zaštita – Gerontološki centar | C26: O smještaju u ustanovu KJU ”Gerontološki centar” odlučuje se rješenjem Centra (služba socijalne zaštite na čijem području lice ima prebivalište), na osnovu mišljenja Stručnog tima Centra, nalaza i mišljenja odgovarajuće zdravstvene ustanove. | D26: Treća životna dob | F26: Socijalna zaštita | G26: KJU “Gerontološki centar” putem JU Kantonalni centar za socijalni rad. | H26: Aleja Bosne Srebrene 7 71000 Sarajevo | I26: https://www.gcs.ba | J26: 38733777260 | K26: info@gcs.ba | L26: Član 42. Zakona o osnovama socijalne zaštite, zaštite civilnih žrtava rata i zaštite porodice sa djecom (“Službene novine Federacije BiH”, br. 36/99, 54/04, 39/06, 14/09, 45/16 i 40/18. Članovi 56., 57. i 58. Zakona o socijalnoj zaštiti, zaštiti civilnih žrtava rata i zaštiti porodice sa djecom (“Službene novine Kantona Sarajevo”, broj 38/14 - Prečišćeni tekst, 38/16, 44/17 i 28/18). | M26: Zahtjev za smještaj u KJU “Gerontološki centar” podnosi se putem nadležnog centra za socijalni rad prema mjestu prebivališta osobe. Centar za socijalni rad o smještaju odlučuje donošenjem rješenja. O smještaju osobe zaključuje se ugovor između JU “Kantonalni centar” za socijalni rad” i KJU “Gerontološki centar”. | N26: Dokumentaciju potrebnu za ostvarivanje prava na smještaj u KJU “Gerontološki centar” putem Centra za socijalni rad utvrđuje nadležni centar za socijalni rad. | Q26: • Smještaj u KJU “Gerontološki centar” putem nadležnog centra za socijalni rad može ostvariti stara, bolesna, nemoćna i invalidna osoba koja nema srodnika koji su obavezni na izdržavanje ili ukoliko srodnici obavezni na izdržavanje, ne mogu obezbijediti uslove za zadovoljavanje osnovnih životnih potreba. • Mjesečna cijena za smještaj nezavisne / pokretne osobe iznosi 407,00 KM, a zavisne / nepokretne osobe iznosi 627,00 KM. | R26: =IFERROR(VLOOKUP(Table2[[#This Row],[Adresa]],Sheet1!$A$1:$C$20,2,0),0) -> 43.833868 | S26: =IFERROR(VLOOKUP(Table2[[#This Row],[Adresa]],Sheet1!$A$1:$C$20,2,0),0) -> 43.833868
A27: 27 | B27: Stalna novčana pomoć za kupovinu hljeba i mlijeka lica starija od 60 godina bez primanja | C27: Samo za osobe za prebivalištem u Općini Centar, Sarajevo | D27: Treća životna dob | E27: Penzioner ili lice starije od 60. godina bez primanja | F27: Socijalna zaštita | G27: Općina Centar | H27: Mis Irbina 1, 71000 Sarajevo, BiH | I27: https://www.centar.ba/gradjani/put-do-prava/porodica/treca-zivotna-dob | J27: 38733562379 | K27: info@centar.ba | M27: Osnovni uvjeti za ostvarivanje prava su: da podnosilac zahtjeva ima prebivalište na području općine Centar Sarajevo od najmanje jedne godine do dana podnošenja zahtjeva ili boravište po osnovu statusa raseljene osobe; da je podnosilac zahtjeva penzioner ili lice starije od 60. godina bez primanja; da ukupna primanja porodičnog domaćinstva podnosioca zahtjeva ne prelaze iznos minimalne penzije ostvarene u FBiH prema posljednjim statističkim pokazateljima, s tim da se kao primanja ne računaju primanja ostvarena po osnovu priznatih prava čije je rješavanje u nadležnosti kantonalnog Centra za socijalni rad i to po osnovu utvrđenog: prava na tuđu njegu i pomoć, prava na topli obrok putem Javne kuhinje, prava na ličnu invalidninu, prava na stalnu novčanu pomoć; da nitko od članova porodičnog domaćinstva podnosioca zahtjeva nije vlasnik preduzeća, samostalne ili dopunske djelatnosti; da nitko od članova porodičnog domaćinstva podnosioca zahtjeva nije vlasnik niti posjednik motornog vozila; da podnosilac zahtjeva nema riješeno stambeno pitanje; ukoliko je stambeno pitanje riješeno, da podnosilac zahtjeva nije vlasnik stana u zgradi kolektivnog stanovanja većeg od 50m² za jednočlano domaćinstvo a ukoliko se radi o višečlanom domaćinstvu za svakog narednog člana dodaje se 10m² po članu; ukoliko je stambeno pitanje riješeno, da podnosilac zahtjeva nije vlasnik stana u individualnom stambenom objektu većeg od 60m² za jednočlano domaćinstvo a ukoliko se radi o višečlanom domaćinstvu za svakog narednog člana dodaje se 15m² po članu. | N27: Uvjerenje o kretanju za podnosioca zahtjeva; Prijava prebivališta za članove porodičnog domaćinstva podnosioca zahtjeva; Kućna lista; Dokaz da je podnosilac zahtjeva penzioner ili lice preko 60 godina bez primanja; Potvrda o visini primanja za sve punoljetne članove domaćinstva; Dokaz o nezaposlenosti članova porodičnog domaćinstva ukoliko nisu u radnom odnosu; Uvjerenje da li su punoljetni članovi porodičnog domaćinstva poreski obveznici; Uvjerenje o vlasništvu motornog vozila za sve članove porodičnog domaćinstva; Dokaz o kvadraturi stambene jedinice ; Medicinska dokumentacije za oboljele članove porodičnog domaćinstva; Tekući račun podnosioca zahtjeva. | O27: https://www.centar.ba/gradjani/put-do-prava/socijalna-zastita/socijalna-zastita/stalna-novcana-pomoc-za-kupovinu-hljeba-i-mlijeka-lica-starija-od-60-godina-bez-primanja | Q27: Za socijalno ugrožene | R27: =IFERROR(VLOOKUP(Table2[[#This Row],[Adresa]],Sheet1!$A$1:$C$20,2,0),0) -> 43.857201 | S27: =IFERROR(VLOOKUP(Table2[[#This Row],[Adresa]],Sheet1!$A$1:$C$20,2,0),0) -> 43.857201
A28: 28 | B28: Stalna novčana pomoć za kupovinu hljeba i mlijeka penzioneri sa minimalnom penzijom | C28: Samo za osobe za prebivalištem u Općini Centar, Sarajevo | D28: Treća životna dob | E28: Penzioner ili lice starije od 60. godina sa minimalnom penzijom | F28: Socijalna zaštita | G28: Općina Centar | H28: Mis Irbina 1, 71000 Sarajevo, BiH | I28: https://www.centar.ba/gradjani/put-do-prava/porodica/treca-zivotna-dob | J28: 38733562379 | K28: info@centar.ba | M28: Osnovni uvjeti za ostvarivanje prava su: da podnosilac zahtjeva ima prebivalište na području općine Centar Sarajevo od najmanje jedne godine do dana podnošenja zahtjeva ili boravište po osnovu statusa raseljene osobe; da je podnosilac zahtjeva penzioner ili lice starije od 60. godina bez primanja; da ukupna primanja porodičnog domaćinstva podnosioca zahtjeva ne prelaze iznos minimalne penzije ostvarene u FBiH prema posljednjim statističkim pokazateljima, s tim da se kao primanja ne računaju primanja ostvarena po osnovu priznatih prava čije je rješavanje u nadležnosti kantonalnog Centra za socijalni rad i to po osnovu utvrđenog: prava na tuđu njegu i pomoć, prava na topli obrok putem Javne kuhinje, prava na ličnu invalidninu, prava na stalnu novčanu pomoć; da nitko od članova porodičnog domaćinstva podnosioca zahtjeva nije vlasnik preduzeća, samostalne ili dopunske djelatnosti; da nitko od članova porodičnog domaćinstva podnosioca zahtjeva nije vlasnik niti posjednik motornog vozila; da podnosilac zahtjeva nema riješeno stambeno pitanje; ukoliko je stambeno pitanje riješeno, da podnosilac zahtjeva nije vlasnik stana u zgradi kolektivnog stanovanja većeg od 50m² za jednočlano domaćinstvo a ukoliko se radi o višečlanom domaćinstvu za svakog narednog člana dodaje se 10m² po članu; ukoliko je stambeno pitanje riješeno, da podnosilac zahtjeva nije vlasnik stana u individualnom stambenom objektu većeg od 60m² za jednočlano domaćinstvo a ukoliko se radi o višečlanom domaćinstvu za svakog narednog člana dodaje se 15m² po članu. | N28: Uvjerenje o kretanju za podnosioca zahtjeva; Prijava prebivališta za članove porodičnog domaćinstva podnosioca zahtjeva; Kućna lista; Dokaz da je podnosilac zahtjeva penzioner ili lice preko 60 godina bez primanja; Potvrda o visini primanja za sve punoljetne članove domaćinstva; Dokaz o nezaposlenosti članova porodičnog domaćinstva ukoliko nisu u radnom odnosu; Uvjerenje da li su punoljetni članovi porodičnog domaćinstva poreski obveznici; Uvjerenje o vlasništvu motornog vozila za sve članove porodičnog domaćinstva; Dokaz o kvadraturi stambene jedinice ; Medicinska dokumentacije za oboljele članove porodičnog domaćinstva; Tekući račun podnosioca zahtjeva. | O28: https://www.centar.ba/gradjani/put-do-prava/socijalna-zastita/socijalna-zastita/stalna-novcana-pomoc-za-kupovinu-hljeba-i-mlijeka-penzioneri-sa-minimalnom-penzijom | Q28: Za socijalno ugrožene | R28: =IFERROR(VLOOKUP(Table2[[#This Row],[Adresa]],Sheet1!$A$1:$C$20,2,0),0) -> 43.857201 | S28: =IFERROR(VLOOKUP(Table2[[#This Row],[Adresa]],Sheet1!$A$1:$C$20,2,0),0) -> 43.857201
A29: 29 | B29: Sufinansiranje troškova prijevoza djece sa poteškoćama u kretanju | C29: Naknade troškova prijevoza učenika/ca s invaliditetom koji za potrebe odlaska i povratka na nastavni proces koriste javni linijski saobraćaj (mjesečni kupon za učenika/ca i pratioca). | D29: Predškolska dob, Školska dob | E29: Djeca | F29: Prevoz i kretanje | G29: Prema općini prebivališta | J29: OPĆINA CENTAR Obrazovanje, društvene djelatnosti, kulturu i sport omoćnica općinskog načelnika: Lejla DIZDAREVIĆ T: + 387 33 56 24 72 E: lejla.dizdarevic@centar.ba OPĆINA STARI GRAD Služba za obrazovanje, kulturu i sport Enida Osmanagić po ovlaštenju Pomoćnik Općinskog načelnika za obrazovanje, kulturu i sport e-mail: enida.osmanagic@starigrad.ba OPĆINA NOVO SARAJEVO Služba za obrazovanje, kulturu i sport Emina Rovčanin diplomirani pravnik Pomoćnik Općinskog načelnika tel: +387 33 492-188, +387 33 492-189 obrazovanje@novosarajevo.ba emina.rovcanin@novosarajevo.ba OPĆINA NOVI GRAD Služba za obrazovanje, kulturu i sport Adisa Šuman, Rukovodioc E-mail: adisasuman@novigradsarajevo.ba Telefon: 033/291–190 / Lokal 190 Soba: 510 OPĆINA ILIDŽA Služba za obrazovanje, kulturu, sport i mlade Adel Prašović Pomoćnik Općinskog načelnika E-mail: adel.prasovic@opcinailidza.ba Telefon 033/637-218 Lokal716 OPĆINA HADŽIĆI Služba za boračko-invalidsku, socijalnu i zdravstvenu zaštitu, izbjegla i raseljena lica Pomoćnik načelnika: v.d. Almin Tufo Telefon: 033/475-908 E-mail: biz@hadzici.ba OPĆINA ILIJAŠ Služba za opću upravu, boračko-inavlidsku zaštitu i socijalnu zaštitu Pomoćnik načelnika Nijaz SPAHIĆ + 387 33 580 640 nijaz.spahic@ilijas.ba biz@ilijas.ba OPĆINA VOGOŠĆA Služba za boračko-invalidsku i socijalnu zaštitu Zijad Kadrić 033/586-470 zijad.kadric@vogosca.ba OPĆINA TRNOVO Služba za opću upravu, društvene djelatnosti, boračko-invalidsku, dječiju i socijalnu zaštitu Pomoćnik rukovodioca službe za opću upravu, društvene djelatnosti, boračko-invalidsku, dječiju i socijalnu zaštitu Mirsad Mešić Tel: +387(0)33 586-301 biz@trnovo.ba | L29: U skladu s Instrukcijom Ministarstva saobraćaja Kantona Sarajevo, pod brojem: 04-11-28646-2-2/21 KM od 6. 8. 2021. godine, učenicima koji se koriste putničkim automobilima za prijevoz, priznaje se naknada u iznosu od 15% cijene litre benzina tipa BMB 95 na teritoriji Bosne i Hercegovine po pređenom kilometru na putovanju od njihovih domova do obrazovnih ustanova koje pohađaju, kao i nazad, u danima kada su učenici prisutni na nastavnim aktivnostima. Ova naknada se također odnosi na pratioce učenika koji koriste javni prijevoz. Za učenike i pratioce koji se koriste javnim prijevozom, iznos naknade se obračunava prema cijeni prijevozne karte iz tarife za prijevoz putnika javnim linijskim prijevozom na području Kantona Sarajevo. Ova naknada može se koristiti na putovanju od njihovih mjesta stanovanja do obrazovnih ustanova koje učenik/ca pohađa i nazad. Ovim mjerama Ministarstvo saobraćaja Kantona Sarajevo ima za cilj podržati učenike u njihovim putovanjima do škole i nazad, bez obzira na to koriste li putničke automobile ili javni prijevoz. Ovo olakšava pristup obrazovanju i doprinosi boljoj dostupnosti obrazovnih ustanova za učenike u ovim općinama. | M29: Zahtjev prema općini na osnovu kojeg se provodi postupak | N29: Potvrda o upisu učenika u školu/centar Potvrda škole da nema osiguran prijevoz CIPS prijava učenika i roditelja-pratioca Medicinska dokumentacija Saobraćajna dozvola -automibil kojim se učenik prevozi Ovjerena izjava o udaljenosti od mjesta stanovanja do škole Broj transakcijskog računa | O29: https://www.opcinailidza.ba/uploads/files/shares/Elektronski_formulari/sl_obraz/zahtjev%20za%20sno%C5%A1enje%20tro%C5%A1kova%20prijevoza.pdf | R29: =IFERROR(VLOOKUP(Table2[[#This Row],[Adresa]],Sheet1!$A$1:$C$20,2,0),0) -> 0 | S29: =IFERROR(VLOOKUP(Table2[[#This Row],[Adresa]],Sheet1!$A$1:$C$20,2,0),0) -> 0
